latitude,longitude,building_density,road_density_km,industrial_presence,green_space_fraction
-41.3,174.78,18538,876.8439841565479,17,3020
-41.3,174.7833,17392,828.3757893476243,18,3005
-37.82,144.97,12742,1271.8734354674368,5,8675
-35.2833,149.2167,62,89.88019307987834,0,6
-35.28,149.22,28,77.40331871912251,0,1
-34.86,-56.17,650,451.53352709715074,9,77
-34.8581,-56.1708,621,438.0048097750583,9,54
-34.59,-58.67,86,326.449647202678,8,29
-34.5875,-58.6725,143,324.98839226445665,11,30
-33.45,-70.67,6653,600.2660481469916,26,5153
-33.45,-70.6667,7808,597.4537764996451,26,5562
-29.32,27.48,8914,288.3333062590382,19,1462
-29.3167,27.4833,9002,300.3799952911796,20,1624
-26.32,31.13,7996,297.4838219403074,1,134
-26.3167,31.1333,7903,303.9430716594329,2,136
-25.97,32.59,12906,246.82521157784208,0,6960
-25.9653,32.5892,20567,315.1639469262267,1,9764
-25.75,28.19,3990,373.17735753268715,0,172
-25.7469,28.188,4489,362.80890912024836,0,167
-25.27,-57.67,5825,93.97746469148807,10,6
-24.65,25.91,14140,360.6368027726824,3,27
-24.6464,25.9119,13939,364.09621806455425,2,25
-24.37,46.45,0,0.0,0,0
-24.3667,46.45,0,0.0,0,0
-23.53,-46.62,29994,648.9962866971672,9,998
-23.4333,-61.3333,0,0.0,0,0
-23.43,-61.33,0,0.0,0,0
-22.5717,17.0822,8774,314.0098183086604,2,525
-22.57,17.08,9026,317.07938425983014,2,528
-21.9833,-58.4333,0,0.0,0,0
-21.55,-58.12,0,35.79722453461393,0,0
-21.55,-58.1167,0,35.79722453461393,0,0
-21.1333,-175.2,8352,158.59682799901103,13,316
-21.13,-175.2,7247,145.11139612521325,10,316
-20.1619,57.4989,6415,288.9363154196645,13,55
-20.16,57.5,6116,294.7691906956283,11,55
-19.85,-58.5167,0,11.211080923350421,0,0
-19.7,-58.7167,0,40.69877324507315,0,0
-19.45,-61.15,0,0.0,0,0
-19.0431,-65.2592,421,419.9504095399629,8,207
-19.04,-65.26,392,435.10737988432487,9,205
-18.92,47.52,30485,282.321407629511,12,129
-18.9167,47.5167,36330,280.3487603599469,13,132
-18.1333,178.4167,2136,67.28688141273291,12,120
-18.13,178.42,3090,95.66675085585022,15,71
-17.82,31.04,4612,304.7930921740296,4,18
-17.8178,31.0447,4422,302.57079349811,4,17
-17.7333,168.3167,9626,161.7288177940507,0,38
-17.73,168.32,10272,166.28080484014683,0,19
-15.42,28.28,17732,330.4776491831786,8,5
-15.4167,28.2833,14432,322.58459442896327,9,5
-13.9833,33.7833,15974,235.5930013989828,0,1
-13.98,33.78,13687,235.4318159148582,0,1
-13.8333,-171.7333,1317,59.14800970379981,2,146
-13.83,-171.73,680,32.75290790815955,2,25
-12.35,43.85,109,6.446572796681981,0,0
-12.05,-77.05,9913,687.2088029262811,28,0
-11.7042,43.2403,8790,73.21920862438031,3,61
-11.7,43.24,7815,57.931805391612585,3,61
-11.1833,-67.0833,22,28.455092198180036,0,0
-11.18,-67.08,22,28.455092198180036,0,0
-9.4647,147.1925,2811,239.37374435387255,6,692
-9.46,147.19,2868,243.40517829504054,5,881
-9.4333,159.95,6206,107.44360338060153,4,2
-9.43,159.95,5844,102.37298072455056,4,2
-8.84,13.23,876,394.339428602707,2,136
-8.8383,13.2344,1085,400.24692150851376,2,85
-8.56,125.57,20977,179.03828512239562,2,988
-8.5586,125.5736,20470,171.0707917099649,0,809
-8.52,179.22,53,1.6336018761908537,0,0
-8.5167,179.2167,616,11.04368559669878,1,21
-8.1826,114.3188,63,95.67512734534439,0,0
-8.18,114.32,64,95.28284113189562,0,0
-7.25,112.75,61860,480.49291764462504,2,156
-6.2146,106.8451,46381,536.3951316282494,2,61
-6.21,106.85,55081,521.9949460021966,3,45
-6.1833,35.75,12300,299.33165808086596,0,5366
-6.18,35.75,13549,306.38586218336513,0,6070
-4.62,55.45,6939,141.88091321925668,2,7
-4.6167,55.45,6722,140.27648897852495,2,7
-4.3,15.3,3627,195.57186445115397,0,61
-4.26,15.28,41318,394.6654262149343,8,4626
-4.2592,15.2847,41342,366.5430888118666,8,4583
-4.05,39.67,4792,252.20505006226736,16,62
-3.38,29.36,7720,240.60631733389198,5,12
-3.3761,29.36,7823,252.67019527570432,5,13
-2.0833,-58.1667,0,0.0,0,0
-2.08,-58.17,0,0.0,0,0
-1.9536,30.0606,30473,291.7441384404068,1,2145
-1.95,30.06,24144,280.36804088054447,1,1856
-1.2833,36.8167,9373,450.71467516335804,4,292
-1.28,36.82,10076,430.3803540660592,4,230
-0.8833,169.5333,94,13.987845249064273,1,0
-0.88,169.53,168,15.672539642976352,1,0
-0.22,-78.5,8460,710.3546855643859,6,4528
-0.2167,-78.5,9098,739.0172220726099,4,5382
-0.14,98.19,3,4.937921965326617,0,0
0.3156,32.5656,29510,335.7223389883635,6,2837
0.32,32.57,24686,363.970925618898,3,3235
0.38,9.45,6884,113.32647380105179,4,17
0.3833,9.45,8290,127.67318315413512,4,18
1.29,103.86,4945,662.7464324104376,2,772
1.2931,103.8558,6589,720.1583029649677,3,811
2.0667,45.3667,60073,543.9338318372561,1,0
2.07,45.37,56332,545.5798260948718,1,0
3.1667,101.7,7698,714.8383528207363,13,1357
3.17,101.7,7518,678.3044849692541,14,1619
3.48,73.53,230,2.445002959634568,0,0
3.75,8.78,2768,234.89855902078835,3,10
3.75,8.7833,2552,242.44622632035637,3,11
3.87,11.52,21008,320.3901518627327,5,14716
4.05,9.7,19223,264.2234964948158,32,10186
4.0503,9.7,19231,261.93638326768854,34,10086
4.17,73.5,1004,80.26140426520412,7,156
4.3667,18.5833,7960,144.84107091099338,0,2309
4.37,18.58,8319,149.7710968823619,0,2951
4.6,-74.08,6167,740.3529809499681,21,2010
4.63,118.37,23,31.209088978902624,0,0
4.88,114.93,2841,241.88043668277936,0,7
4.8833,114.9333,2887,257.2513104237289,0,7
5.47,10.42,30915,298.42549754106915,13,370
5.55,-0.22,38738,327.9632929295646,7,672
5.55,-0.2167,38936,321.4934527864122,7,755
5.83,-55.17,19100,306.6929437393375,4,49
5.8333,-55.1667,19651,282.8951530443087,4,47
6.13,1.22,28682,285.74459026038153,1,1253
6.31,-10.8,9843,85.83942814912808,4,14
6.3106,-10.8047,9669,79.57846003009169,4,14
6.43,-70.92,0,0.0,0,0
6.48,2.62,19765,307.5954915163363,0,952
6.4833,2.6167,21833,331.3303720959926,0,911
6.8,-58.17,11515,206.51886755148726,8,28
6.8,-58.1667,12242,229.91957698463048,8,32
6.8167,-5.2833,14060,265.86532171340724,5,625
6.88,73.1,250,24.48704200563936,0,0
6.8833,73.1,250,24.48704200563936,0,0
6.9167,158.15,807,55.85491375140017,1,33
6.92,158.15,764,42.481964205756405,1,33
6.93,79.85,4359,319.7066216956033,4,2836
6.9319,79.8478,3845,299.2202145802718,4,2193
7.1,171.38,1701,25.49155591077252,2,15
7.1,171.3833,1654,25.17645754210643,2,15
7.3167,13.5833,38957,303.08675017364953,0,109
7.32,13.58,34452,269.807347673433,0,94
7.33,134.48,1056,39.75539729586942,0,8
7.3333,134.4833,1279,44.122972554961024,0,6
7.35,134.45,628,26.04341096686077,1,2
7.3575,134.5578,429,23.017318293334153,1,6
7.36,134.51,469,24.725330183703225,3,2
7.36,134.56,386,28.10351753550199,1,6
7.5,134.57,0,1.3960882330308502,1,0
8.49,-13.2342,36730,174.1681795011193,4,320
8.49,-13.23,36568,191.9545309347943,7,350
8.9667,-79.5333,4763,378.72912831503197,18,1176
8.97,-79.53,4977,364.04627254542845,12,1002
9.03,38.7,3619,349.33398268241706,0,2
9.0333,38.7,4540,351.4826050275385,0,2
9.1758,7.1808,12847,180.0790693809084,0,1
9.18,7.18,0,179.6511038783434,0,1
9.5092,-13.7122,4158,98.35962170208873,8,11
9.51,-13.71,4181,99.5600922943323,8,11
9.8,-84.17,160,90.09803204133986,0,3
9.8,-84.1667,244,96.4441067544482,0,3
9.9333,-84.0833,8580,400.4320430391403,30,1665
9.97,-84.08,1098,290.78416488120416,13,57
10.5,-66.92,1828,446.87120050695296,5,325
10.5,-66.9167,1968,441.9337422774047,4,328
10.65,-61.52,1608,208.97978345960226,3,59
10.65,-61.5167,1738,226.10500613038474,5,59
10.75,106.67,5755,576.1977030247986,7,107
11.2667,108.2333,2,43.88211653182076,0,0
11.55,104.9167,7788,462.58074494414774,1,329
11.55,104.92,7764,446.66831839387794,1,345
11.595,43.1481,16715,242.08735867728632,18,8
11.6,43.15,12099,196.5468109946668,10,25
11.85,-15.5833,6610,127.96124520637117,4,386
11.85,-15.58,5424,107.79640156813454,4,385
12.05,-61.75,6476,118.53682467148491,0,5
12.11,15.05,23811,310.2793418916848,6,1035
12.1131,15.0492,24811,334.04966132061855,0,1037
12.15,-86.27,3979,342.4662119301034,5,763
12.15,24.45,0,49.06302495363342,0,0
12.1508,-86.2683,3795,334.0819791343245,4,533
12.37,-1.52,12809,333.0013318929435,6,397
12.3703,-1.5247,14635,344.15008758854094,6,1181
12.65,-8.0,16183,356.8233153059584,5,3935
13.1,-59.62,16304,252.50339487730162,0,306
13.1,-59.6167,17895,279.17107374932897,5,311
13.13,-61.22,2190,45.86995484885716,3,9
13.1333,-61.2167,3479,71.35826735226735,3,18
13.45,-16.58,3151,65.55346768907035,7,13
13.4531,-16.5775,3123,64.81368325503564,7,13
13.5167,2.1167,18341,353.8200000901873,0,493
13.52,2.12,20665,380.3926366728109,0,304
13.6667,1.7833,1,69.47202945038019,0,0
13.7086,-89.2031,3449,428.0930636241183,10,168
13.71,-89.2,3293,425.1998228063212,10,168
13.75,100.5167,16628,736.0394872214347,7,4001
13.75,100.52,14292,733.6015156072375,7,3892
14.0,-61.0,7716,166.89305077561335,3,57
14.1,-87.22,4582,410.6334146102874,9,121
14.1,-87.2167,5406,422.412786503198,10,124
14.6,120.98,32924,550.9263271386819,37,2368
14.6042,120.9822,37944,560.8381864966703,44,1554
14.62,-90.53,2196,538.1573307754074,5,84
14.6211,-90.5269,2190,533.8123514065816,5,110
14.67,-17.44,5432,242.83677042406234,11,382
14.6708,-17.4381,5471,243.22386202399989,13,387
14.93,-23.51,10550,365.4566461265336,8,2467
14.9315,-23.5125,9694,363.6285085606153,7,2092
15.3,-61.4,3763,59.09544980304806,3,33
15.33,38.93,2712,418.8487738331745,6,154
15.3333,38.9333,2693,433.6498515231975,5,146
15.35,44.21,1988,446.57180165050517,1,2
15.3547,44.2067,1757,452.92248837534305,1,3
15.5881,32.5342,15846,443.1734226659159,1,274
15.59,32.53,14435,445.89110223868613,1,273
16.78,94.73,18989,222.9330446133024,0,28
16.78,96.17,5519,328.15491592240346,24,20
16.7833,96.1667,6868,365.87673330604156,23,30
17.1167,-61.85,11276,254.18406727612188,2,33
17.12,-61.85,11005,254.97925750377635,2,33
17.25,-88.77,6684,248.75787114437554,4,27
17.25,-88.7667,6931,255.75204685358136,4,25
17.3,-62.72,5872,202.66357468755885,17,33
17.3,-62.7167,5363,196.4686854091593,16,33
17.93,-76.85,387,20.60855749123708,0,2
17.9333,-76.85,387,20.60855749123708,0,2
17.97,-76.75,5969,106.39724852730662,6,15
17.97,102.6,8828,361.27299022527194,0,464
18.0,-76.8,22420,345.2414990753457,4,123
18.0864,-15.9753,14881,432.70315619952487,4,92
18.09,-15.98,12665,411.68470036310725,3,86
18.4667,-69.9,3744,325.65956545807563,5,250
18.47,-69.9,4217,362.06000417469875,5,255
18.5392,-72.335,27535,341.78319548318893,11,368
18.54,-72.34,32678,325.30310544093606,10,369
18.78,100.78,231,298.9927949093725,0,16
18.7833,100.7833,196,295.02823904010825,0,10
19.4285,-99.1277,11812,587.0523312462999,31,1519
19.43,-99.13,12038,579.1414531203926,31,1476
21.03,105.85,16836,643.8495123500238,4,3080
21.0333,105.85,14963,618.1441705833265,3,3062
21.13,104.7,0,35.60569516619061,0,0
21.1333,104.7,0,35.603164384061316,0,0
23.13,-82.36,12843,383.32286087350707,86,792
23.1319,-82.3642,13746,406.81840339712227,79,948
23.61,58.59,220,75.09893155039201,2,10
23.6133,58.5933,207,69.44118874555527,0,9
23.72,90.41,39671,438.6296301793226,6,1555
23.7231,90.4086,36520,437.8203140349049,7,2067
24.4667,54.3667,5566,648.9312623905284,0,552
24.47,54.37,5429,620.0045096103604,0,541
24.64,46.77,134,471.75048931730396,5,0
24.6408,46.7728,138,473.75902989869917,4,0
25.08,-77.35,7848,197.3604890801701,5,252
25.0833,-77.35,5977,165.10236008599557,4,249
25.2867,51.5333,6420,606.4090191183433,3,1462
25.29,51.53,5281,575.10069607026,2,1322
26.2361,50.5831,2894,509.9305494993824,1,106
26.24,50.58,2231,463.6199503623753,1,103
27.42,-109.93,0,87.74966443044174,0,0
27.48,89.6,480,42.73746892581901,0,0
27.4833,89.6,481,42.73746892581901,0,0
27.7167,85.3167,58548,450.61689657095064,11,127
27.72,85.32,56453,461.2575863462173,9,122
28.6,77.2,2655,394.6434158514001,1,782
29.3667,47.96,1711,401.36699165010384,4,94
29.37,47.96,1314,366.12975261882985,3,93
29.37,47.98,2775,588.7186879752181,5,104
30.05,31.25,6007,747.3338966241635,1,697
31.63,-8.0,14773,540.9522585465323,2,138
31.78,35.23,11631,609.6235524984863,2,715
31.95,35.93,14139,503.69502105478205,0,87
31.95,35.9333,13846,509.4253073731365,0,87
32.89,13.18,13253,440.53166954361274,1,301
33.3386,44.3939,5470,602.1859306892708,3,686
33.34,44.39,5478,584.931562770462,7,652
33.5,36.3,3280,505.55649363729754,4,177
33.7,73.1667,4,138.20123632937373,0,1
33.7,73.17,4,141.00446603849556,0,1
33.78,-89.81,103,173.6428493943966,1,5
33.87,35.51,19727,554.7672391702341,6,817
33.8719,35.5097,19918,568.1555673225818,7,817
34.0253,-6.8361,7749,597.2528159334655,0,538
34.03,-6.84,7165,500.59954384507967,0,496
34.5167,69.1833,21471,316.2130152391667,3,140
34.52,69.18,22270,356.3835358806322,3,196
35.1667,33.3667,15928,602.771490477132,2,118
35.17,33.37,16983,593.2110721617479,4,83
35.6895,139.6917,35938,1047.1749490474215,4,1387
35.69,139.69,37563,1031.706492462511,4,1406
35.7261,51.3304,1019,563.7428412535812,8,174
35.73,51.33,977,585.0249299121008,6,194
35.8997,14.5147,4873,355.75857556487574,14,392
35.9,14.51,0,404.96747852350546,13,439
36.26,46.59,0,16.958706891771435,0,0
36.2625,46.59,0,16.958706891771435,0,0
36.76,3.05,13948,519.9957604257022,6,162
36.7631,3.0506,12815,513.5853037960834,6,324
36.8,10.18,2031,527.9635423055496,13,107
36.8028,10.1797,2177,551.8062421253773,11,117
37.5664,126.9997,13021,836.3992816353497,0,1472
37.57,127.0,13394,832.1641208122845,0,1496
37.7,65.37,0,10.411730482234217,0,0
37.95,58.38,10103,764.1633948164175,10,27016
37.95,58.3833,11173,753.3299443881847,7,25834
37.9795,23.7162,26209,846.0237789103827,26,1115
37.98,23.72,27801,878.0779453850055,23,1166
38.56,68.77,4838,483.6725589773974,13,18
38.56,68.7739,5699,486.54936938565237,11,26
38.7167,-9.1333,17058,916.0093588356001,24,3357
38.72,-9.13,17272,932.3615651271654,25,3550
38.85,34.65,6,46.297267583752465,0,0
39.0194,125.7547,6883,547.7032584110873,8,10950
39.02,125.75,5950,531.977666887,7,9442
39.53,-111.59,174,106.54168651885057,2,2
39.55,27.6167,0,47.44341313870644,0,6
39.55,27.62,0,47.44341313870644,0,6
39.9272,32.8644,11161,600.9764895873373,1,1242
39.9289,116.3883,5857,527.6414331916593,0,602
39.93,32.86,9929,618.9539750953659,2,1275
39.93,116.39,5807,543.6113600821791,0,606
40.18,44.51,12244,833.4723194749853,10,5812
40.1811,44.5136,12113,825.8927662382451,9,5858
40.3953,49.8822,1977,639.2744110478557,37,345
40.4,-3.6833,13773,1110.4696404074464,7,6439
40.4,-3.68,13119,1111.0583104162113,8,6880
40.4,49.88,1929,600.0022639512615,41,333
40.71,-74.01,7360,1097.8052729135984,5,11053
41.3167,69.25,8242,932.8709524828964,6,3179
41.32,69.25,9340,906.8657214882809,5,3159
41.3275,19.8189,11918,895.5747029154337,1,9125
41.33,19.82,13243,906.8882203813403,3,8720
41.725,44.7908,11403,862.0289690689768,23,781
41.73,44.79,10629,802.7368435950929,30,1011
41.9,12.45,7401,917.704323159227,3,4213
41.9,12.48,11847,1276.9982334329359,3,3970
41.9,12.4833,11868,1276.1424532831595,5,3645
41.904,12.453,8124,980.254322223951,1,4595
42.0,21.43,7372,674.2122547149578,10,420
42.0,21.4333,7157,664.8387758503812,11,329
42.44,19.26,8810,638.3790814639237,8,122
42.4411,19.2636,9340,600.9049170187379,7,121
42.5,1.5167,1576,367.534186410325,32,755
42.5,1.52,1684,364.81422077839864,31,770
42.67,21.17,16307,622.8476177398792,1,1295
42.68,23.32,8864,1128.4582550634825,4,1568
42.6833,23.3167,10347,1195.7200402327694,4,1603
42.87,74.6,9452,769.0185480461981,10,160
42.8731,74.6003,9751,756.7404108306166,10,157
43.3167,24.7,14,62.788413501310266,1,6
43.32,24.7,15,68.5007449796903,1,6
43.73,7.42,7147,376.1827122558421,1,665
43.7333,7.4167,9134,433.0562299184306,1,733
43.81,23.24,181,254.1522133864836,18,6
43.8139,23.2361,241,269.33977811950115,18,7
43.85,18.38,12209,510.4291264819403,13,2823
43.85,18.3833,11985,528.4168204135816,12,2988
43.93,12.45,2428,314.50718014440895,24,342
43.9333,12.45,2753,337.1443294876015,25,338
44.43,26.1,13283,754.234810239692,10,11984
44.4333,26.1,14423,736.5907127045697,10,11058
44.8,20.47,17019,998.0732468467353,9,1076
44.804,20.4651,15325,1033.1150073823462,12,1383
45.4167,-75.7,16798,1338.6471418514652,11,16646
45.42,-75.7,15465,1302.8073866216957,11,15185
45.8,16.0,10292,1095.9935421167172,20,8596
46.0553,14.5144,10784,1126.6542312243148,15,16140
46.06,14.51,10160,1163.8868044367348,19,17478
46.6,-120.49,6764,550.9317062563284,66,22
46.6167,9.9833,776,154.87769893963778,4,84
46.9167,7.4667,4967,431.85164285981324,4,1259
46.92,7.47,5875,476.9662815640402,5,1473
47.13,9.52,3321,453.16953630640126,11,2096
47.1333,9.5167,3213,447.5728670653957,10,1855
47.25,16.8333,211,83.91891061980002,0,12
47.5,19.08,9037,819.8064910958207,5,1200
47.5,19.0833,8891,815.8537629228101,6,1020
47.9167,106.9167,9701,909.0715089372525,7,1745
47.92,106.92,11232,890.571516982429,6,1705
48.0792,-123.0439,802,106.90430552986523,0,1
48.08,-123.04,728,99.26328847283702,0,1
48.15,17.1167,12189,1338.6125115209916,6,1584
48.15,17.12,12020,1358.316266385966,8,1536
48.2,16.3667,12786,1293.2495454550954,5,16041
48.2,16.37,12364,1309.948260622894,7,15607
48.8667,2.3333,22494,2269.763476924276,2,18933
48.87,2.33,23501,2150.8115958222515,2,20049
49.61,6.13,14243,987.3228318836937,16,5583
49.6117,6.13,14047,994.8601586022074,16,5615
50.08,14.47,11195,1300.635313297072,63,1653
50.0833,14.4667,11127,1315.9403598542094,50,1361
50.43,30.52,5110,1070.964766504544,24,1225
50.4333,30.5167,5413,1129.0326594144792,20,1675
50.6,4.1333,11853,227.2319312438779,9,1565
50.83,4.33,37124,1016.1110059461066,50,10100
50.8333,4.3333,36924,1101.4730699432314,50,10524
50.88,2.98,3964,209.90427656858267,6,135
51.1,4.75,4995,196.02496058251188,2,124
51.12,17.53,1958,235.02063926649308,5,70
51.18,71.43,5058,705.6059553898618,7,71
51.1811,71.4278,5197,689.2659841154734,7,69
51.25,3.63,1894,95.32562029947934,2,102
51.25,3.6333,1851,94.26811279981334,1,103
51.5171,-0.1062,16657,1694.6063998139407,26,10453
51.52,-0.11,17492,1655.9548065109639,22,9348
51.7,94.45,14429,627.3166641432064,9,0
52.25,21.0,5913,1805.1687617244675,35,14321
52.37,4.89,37163,1174.3187632239162,8,6518
52.374,4.8897,34838,1172.404466791783,8,6315
52.5167,13.4,11523,1537.0345667753213,3,13704
52.52,13.4,11839,1538.787192668741,3,14184
53.33,-6.25,32434,1175.425462587531,32,8908
53.33,21.62,227,108.33560680659494,0,3
53.3331,-6.2489,30874,1203.880018808371,38,8927
53.9,27.5667,3591,1542.7358994942404,100,791
53.9,27.57,3644,1527.1173818722107,109,701
54.68,25.32,6380,769.0235370994949,6,6648
54.6833,25.3167,6013,850.8155429766373,6,7924
55.6667,12.5833,9733,1150.048927908877,7,8233
55.67,12.58,9765,1179.7076863985983,7,9261
55.75,37.62,8201,1935.9099481120538,12,4322
55.7522,37.6156,8301,1948.9942386742855,10,4990
56.95,24.1,6467,1389.5124185393915,38,5796
59.13,44.3,0,80.25063233640435,0,0
59.33,18.05,7266,1632.927594549825,8,1856
59.3333,18.05,6946,1659.6441212873253,6,1842
59.43,24.73,11126,1632.4882496919097,26,6513
59.4339,24.7281,10300,1621.9072405310055,30,7203
59.89,30.26,2999,1103.0248118563698,66,349
59.9167,10.75,11237,1921.9282267672652,2,17339
59.92,10.75,11572,2028.3023625484184,2,19708
60.1756,24.9342,4691,2132.663934203935,18,9093
60.18,24.93,4577,2108.263322636805,24,8479
63.365,-20.2075,0,0.0,0,0
63.37,-20.21,0,0.0,0,0
63.83,-22.43,1093,211.90174403864052,2,0
64.15,-21.95,6757,861.494071906616,4,443
