date,value,region,location,city,country,unit,parameter,date_only,MODIS_AOD_550
2023-01-01 00:00:00,35.90519084803855,West,Beijing,Beijing,China,µg/m³,pm25,2023-01-01,0.4338876161309472
2023-01-01 01:00:00,22.41697095323381,West,Beijing,Beijing,China,µg/m³,pm25,2023-01-01,0.26725649447377886
2023-01-01 02:00:00,20.734253765564304,North,Beijing,Beijing,China,µg/m³,pm25,2023-01-01,0.28972696456067765
2023-01-01 03:00:00,20.73453441497701,West,Beijing,Beijing,China,µg/m³,pm25,2023-01-01,0.3334968369701714
2023-01-01 04:00:00,69.74571618345976,North,Beijing,Beijing,China,µg/m³,pm25,2023-01-01,0.7357494930984309
2023-01-01 05:00:00,43.000593464463336,North,Beijing,Beijing,China,µg/m³,pm25,2023-01-01,0.46829908679717436
2023-01-01 06:00:00,16.966170026113485,North,Beijing,Beijing,China,µg/m³,pm25,2023-01-01,0.2986223410365044
2023-01-01 07:00:00,37.0472171014682,South,Beijing,Beijing,China,µg/m³,pm25,2023-01-01,0.4588439074723274
2023-01-01 08:00:00,29.984403960969704,West,Beijing,Beijing,China,µg/m³,pm25,2023-01-01,0.3263703203129494
2023-01-01 09:00:00,3.238724152358781,North,Beijing,Beijing,China,µg/m³,pm25,2023-01-01,0.10951524370288604
2023-01-01 10:00:00,10.068634240315594,West,Beijing,Beijing,China,µg/m³,pm25,2023-01-01,0.12751545776253284
2023-01-01 11:00:00,31.59248456022245,South,Beijing,Beijing,China,µg/m³,pm25,2023-01-01,0.34263835792371167
2023-01-01 12:00:00,65.47765301225293,North,Beijing,Beijing,China,µg/m³,pm25,2023-01-01,0.7168746437008311
2023-01-01 13:00:00,20.877782774387192,East,Beijing,Beijing,China,µg/m³,pm25,2023-01-01,0.16311381551098203
2023-01-01 14:00:00,15.870411585814557,South,Beijing,Beijing,China,µg/m³,pm25,2023-01-01,0.12245822423249393
2023-01-01 15:00:00,27.21011312208249,East,Beijing,Beijing,China,µg/m³,pm25,2023-01-01,0.2939867547587763
2023-01-01 16:00:00,15.079267210771464,West,Beijing,Beijing,China,µg/m³,pm25,2023-01-01,0.15015111609099344
2023-01-01 17:00:00,19.766120717087823,West,Beijing,Beijing,China,µg/m³,pm25,2023-01-01,0.26337357380064197
2023-01-01 18:00:00,24.73953718410397,South,Beijing,Beijing,China,µg/m³,pm25,2023-01-01,0.25199416806497915
2023-01-01 19:00:00,9.602059572658254,West,Beijing,Beijing,China,µg/m³,pm25,2023-01-01,0.07540541065981797
2023-01-01 20:00:00,44.55090141319709,East,Beijing,Beijing,China,µg/m³,pm25,2023-01-01,0.5687914525780486
2023-01-01 21:00:00,8.027721694185601,North,Beijing,Beijing,China,µg/m³,pm25,2023-01-01,0.11898840191752923
2023-01-01 22:00:00,7.091901657520101,North,Beijing,Beijing,China,µg/m³,pm25,2023-01-01,0.12429542680959721
2023-01-01 23:00:00,29.009256268322023,North,Beijing,Beijing,China,µg/m³,pm25,2023-01-01,0.2688551533725474
2023-01-02 00:00:00,42.20030711968576,South,Beijing,Beijing,China,µg/m³,pm25,2023-01-02,0.4447839349705984
2023-01-02 01:00:00,28.467533615356057,West,Beijing,Beijing,China,µg/m³,pm25,2023-01-02,0.34022146563905387
2023-01-02 02:00:00,22.82668765626901,East,Beijing,Beijing,China,µg/m³,pm25,2023-01-02,0.22071719769157497
2023-01-02 03:00:00,19.610721524752115,West,Beijing,Beijing,China,µg/m³,pm25,2023-01-02,0.26489211616480474
2023-01-02 04:00:00,17.098647460299755,West,Beijing,Beijing,China,µg/m³,pm25,2023-01-02,0.19095454010705734
2023-01-02 05:00:00,51.56698950779174,West,Beijing,Beijing,China,µg/m³,pm25,2023-01-02,0.5510852075882536
2023-01-02 06:00:00,31.815659090848836,North,Beijing,Beijing,China,µg/m³,pm25,2023-01-02,0.3380712602970185
2023-01-02 07:00:00,18.25978220487981,East,Beijing,Beijing,China,µg/m³,pm25,2023-01-02,0.32521173127424496
2023-01-02 08:00:00,14.049097939673358,East,Beijing,Beijing,China,µg/m³,pm25,2023-01-02,0.1898161181598369
2023-01-02 09:00:00,38.81428435061811,West,Beijing,Beijing,China,µg/m³,pm25,2023-01-02,0.3852572970583861
2023-01-02 10:00:00,50.75162510103326,North,Beijing,Beijing,China,µg/m³,pm25,2023-01-02,0.5986434966154921
2023-01-02 11:00:00,47.718146727043326,North,Beijing,Beijing,China,µg/m³,pm25,2023-01-02,0.46613928477188216
2023-01-02 12:00:00,12.015705723170203,East,Beijing,Beijing,China,µg/m³,pm25,2023-01-02,0.18060023698193983
2023-01-02 13:00:00,19.477467019314364,North,Beijing,Beijing,China,µg/m³,pm25,2023-01-02,0.14679116399915487
2023-01-02 14:00:00,16.821524512801478,North,Beijing,Beijing,China,µg/m³,pm25,2023-01-02,0.15180594268309322
2023-01-02 15:00:00,21.57432173678983,North,Beijing,Beijing,China,µg/m³,pm25,2023-01-02,0.2755862791613545
2023-01-02 16:00:00,44.266327850448846,South,Beijing,Beijing,China,µg/m³,pm25,2023-01-02,0.529586607504259
2023-01-02 17:00:00,61.53393685810816,West,Beijing,Beijing,China,µg/m³,pm25,2023-01-02,0.6739077826405802
2023-01-02 18:00:00,32.67730710462748,East,Beijing,Beijing,China,µg/m³,pm25,2023-01-02,0.3709906569268627
2023-01-02 19:00:00,14.472669346383258,East,Beijing,Beijing,China,µg/m³,pm25,2023-01-02,0.17967150868436815
2023-01-02 20:00:00,24.31262947333356,South,Beijing,Beijing,China,µg/m³,pm25,2023-01-02,0.2192001952149642
2023-01-02 21:00:00,69.18809302610377,West,Beijing,Beijing,China,µg/m³,pm25,2023-01-02,0.7058887198413023
2023-01-02 22:00:00,26.723829023307797,East,Beijing,Beijing,China,µg/m³,pm25,2023-01-02,0.2942063516850886
2023-01-02 23:00:00,19.645270538633657,North,Beijing,Beijing,China,µg/m³,pm25,2023-01-02,0.2993088166972824
2023-01-03 00:00:00,20.98278917701918,East,Beijing,Beijing,China,µg/m³,pm25,2023-01-03,0.27700880624861485
2023-01-03 01:00:00,32.572700460720185,North,Beijing,Beijing,China,µg/m³,pm25,2023-01-03,0.2875749968390651
2023-01-03 02:00:00,12.38447601757894,South,Beijing,Beijing,China,µg/m³,pm25,2023-01-03,0.19004895864552918
2023-01-03 03:00:00,16.48795677185044,North,Beijing,Beijing,China,µg/m³,pm25,2023-01-03,0.19562545369768858
2023-01-03 04:00:00,47.24658590361376,East,Beijing,Beijing,China,µg/m³,pm25,2023-01-03,0.4886197590208397
2023-01-03 05:00:00,31.921914229845964,East,Beijing,Beijing,China,µg/m³,pm25,2023-01-03,0.39980295674050303
2023-01-03 06:00:00,26.9274126071832,East,Beijing,Beijing,China,µg/m³,pm25,2023-01-03,0.37082410219662953
2023-01-03 07:00:00,48.84020347018551,South,Beijing,Beijing,China,µg/m³,pm25,2023-01-03,0.584966040657665
2023-01-03 08:00:00,13.72028675672288,South,Beijing,Beijing,China,µg/m³,pm25,2023-01-03,0.1452419914060969
2023-01-03 09:00:00,19.176523758464704,West,Beijing,Beijing,China,µg/m³,pm25,2023-01-03,0.2263046187920863
2023-01-03 10:00:00,31.18395457172091,East,Beijing,Beijing,China,µg/m³,pm25,2023-01-03,0.3784027172873873
2023-01-03 11:00:00,30.403718858960445,North,Beijing,Beijing,China,µg/m³,pm25,2023-01-03,0.4028144449457224
2023-01-03 12:00:00,6.387683614476196,South,Beijing,Beijing,China,µg/m³,pm25,2023-01-03,0.08991812425249746
2023-01-03 13:00:00,17.70692120407672,East,Beijing,Beijing,China,µg/m³,pm25,2023-01-03,0.21778626320757638
2023-01-03 14:00:00,22.004975555424096,East,Beijing,Beijing,China,µg/m³,pm25,2023-01-03,0.2147330068539396
2023-01-03 15:00:00,33.669083130476515,South,Beijing,Beijing,China,µg/m³,pm25,2023-01-03,0.3268805001007316
2023-01-03 16:00:00,30.326454622763997,West,Beijing,Beijing,China,µg/m³,pm25,2023-01-03,0.39389083734734986
2023-01-03 17:00:00,23.58589446001963,South,Beijing,Beijing,China,µg/m³,pm25,2023-01-03,0.3536709460287375
2023-01-03 18:00:00,3.2115762285900096,South,Beijing,Beijing,China,µg/m³,pm25,2023-01-03,0.0785152562068834
2023-01-03 19:00:00,24.490067916771903,North,Beijing,Beijing,China,µg/m³,pm25,2023-01-03,0.3450773240623203
2023-01-03 20:00:00,26.18458541677835,North,Beijing,Beijing,China,µg/m³,pm25,2023-01-03,0.3299276554201652
2023-01-03 21:00:00,109.46996683174306,West,Beijing,Beijing,China,µg/m³,pm25,2023-01-03,1.1124436805871745
2023-01-03 22:00:00,21.456896589459497,East,Beijing,Beijing,China,µg/m³,pm25,2023-01-03,0.2826387461700157
2023-01-03 23:00:00,31.305892836959963,South,Beijing,Beijing,China,µg/m³,pm25,2023-01-03,0.4399607566928981
2023-01-04 00:00:00,54.30319138321448,West,Beijing,Beijing,China,µg/m³,pm25,2023-01-04,0.5912406118766473
2023-01-04 01:00:00,42.57109044708541,North,Beijing,Beijing,China,µg/m³,pm25,2023-01-04,0.5539430872615545
2023-01-04 02:00:00,63.19206870917219,South,Beijing,Beijing,China,µg/m³,pm25,2023-01-04,0.5509334318872348
2023-01-04 03:00:00,6.493683291115296,East,Beijing,Beijing,China,µg/m³,pm25,2023-01-04,0.15603195812991416
2023-01-04 04:00:00,10.305928412404883,North,Beijing,Beijing,China,µg/m³,pm25,2023-01-04,0.1574116375359574
2023-01-04 05:00:00,15.559005666633404,North,Beijing,Beijing,China,µg/m³,pm25,2023-01-04,0.1906396891430407
2023-01-04 06:00:00,5.38975792278382,North,Beijing,Beijing,China,µg/m³,pm25,2023-01-04,0.10848561805461332
2023-01-04 07:00:00,26.351359404122213,West,Beijing,Beijing,China,µg/m³,pm25,2023-01-04,0.2141351483111775
2023-01-04 08:00:00,11.087665658557754,East,Beijing,Beijing,China,µg/m³,pm25,2023-01-04,0.14989306219370194
2023-01-04 09:00:00,68.62813120023135,South,Beijing,Beijing,China,µg/m³,pm25,2023-01-04,0.7541369405779009
2023-01-04 10:00:00,12.693013206679336,West,Beijing,Beijing,China,µg/m³,pm25,2023-01-04,0.25082483430386915
2023-01-04 11:00:00,19.267548268044592,West,Beijing,Beijing,China,µg/m³,pm25,2023-01-04,0.21676197176676354
2023-01-04 12:00:00,44.29443239556379,West,Beijing,Beijing,China,µg/m³,pm25,2023-01-04,0.4525196438109785
2023-01-04 13:00:00,7.937070854512402,North,Beijing,Beijing,China,µg/m³,pm25,2023-01-04,0.10428285636589718
2023-01-04 14:00:00,5.003747473649867,East,Beijing,Beijing,China,µg/m³,pm25,2023-01-04,0.14580758062160237
2023-01-04 15:00:00,28.748576156664186,West,Beijing,Beijing,China,µg/m³,pm25,2023-01-04,0.35392331704962604
2023-01-04 16:00:00,30.377857286246297,South,Beijing,Beijing,China,µg/m³,pm25,2023-01-04,0.327290562674111
2023-01-04 17:00:00,43.40181959735746,East,Beijing,Beijing,China,µg/m³,pm25,2023-01-04,0.5096815676292424
2023-01-04 18:00:00,36.53065830041622,South,Beijing,Beijing,China,µg/m³,pm25,2023-01-04,0.4201604604715642
2023-01-04 19:00:00,31.203355058554337,East,Beijing,Beijing,China,µg/m³,pm25,2023-01-04,0.4104658001121878
2023-01-04 20:00:00,14.008221254313394,South,Beijing,Beijing,China,µg/m³,pm25,2023-01-04,0.15497955784926634
2023-01-04 21:00:00,29.772673674554163,North,Beijing,Beijing,China,µg/m³,pm25,2023-01-04,0.3313436294156532
2023-01-04 22:00:00,31.115613902410537,West,Beijing,Beijing,China,µg/m³,pm25,2023-01-04,0.3415507313674975
2023-01-04 23:00:00,13.561264392127764,South,Beijing,Beijing,China,µg/m³,pm25,2023-01-04,0.1124368965146717
2023-01-05 00:00:00,81.3311327966764,East,Beijing,Beijing,China,µg/m³,pm25,2023-01-05,0.8781173418199928
2023-01-05 01:00:00,35.34410356152164,West,Beijing,Beijing,China,µg/m³,pm25,2023-01-05,0.4164937992242109
2023-01-05 02:00:00,10.476926182055948,West,Beijing,Beijing,China,µg/m³,pm25,2023-01-05,0.15502493465268255
2023-01-05 03:00:00,43.54916857803393,East,Beijing,Beijing,China,µg/m³,pm25,2023-01-05,0.47376232911158195
2023-01-05 04:00:00,48.68092710605849,South,Beijing,Beijing,China,µg/m³,pm25,2023-01-05,0.4660407339580642
2023-01-05 05:00:00,33.87567523142123,North,Beijing,Beijing,China,µg/m³,pm25,2023-01-05,0.36772448617594433
2023-01-05 06:00:00,20.542797572083952,North,Beijing,Beijing,China,µg/m³,pm25,2023-01-05,0.23829224989450104
2023-01-05 07:00:00,13.060280190693147,South,Beijing,Beijing,China,µg/m³,pm25,2023-01-05,0.1404889384458505
2023-01-05 08:00:00,23.536457945281477,West,Beijing,Beijing,China,µg/m³,pm25,2023-01-05,0.2773002938695143
2023-01-05 09:00:00,32.20538918583453,West,Beijing,Beijing,China,µg/m³,pm25,2023-01-05,0.3922564346990722
2023-01-05 10:00:00,25.252626745374734,West,Beijing,Beijing,China,µg/m³,pm25,2023-01-05,0.3968355625142739
2023-01-05 11:00:00,65.03290825481423,West,Beijing,Beijing,China,µg/m³,pm25,2023-01-05,0.7090579731897344
2023-01-05 12:00:00,39.17869253770584,South,Beijing,Beijing,China,µg/m³,pm25,2023-01-05,0.45466444491319663
2023-01-05 13:00:00,11.803800815668978,West,Beijing,Beijing,China,µg/m³,pm25,2023-01-05,0.16431571236838144
2023-01-05 14:00:00,9.467814822438356,East,Beijing,Beijing,China,µg/m³,pm25,2023-01-05,0.048739587459431494
2023-01-05 15:00:00,35.55526672525937,West,Beijing,Beijing,China,µg/m³,pm25,2023-01-05,0.40422697348013287
2023-01-05 16:00:00,20.91753788954026,North,Beijing,Beijing,China,µg/m³,pm25,2023-01-05,0.26218688939245394
2023-01-05 17:00:00,41.5321821928404,West,Beijing,Beijing,China,µg/m³,pm25,2023-01-05,0.5884839275526683
2023-01-05 18:00:00,35.32958442879738,South,Beijing,Beijing,China,µg/m³,pm25,2023-01-05,0.3936777960489177
2023-01-05 19:00:00,23.616028191393905,North,Beijing,Beijing,China,µg/m³,pm25,2023-01-05,0.30123764903061967
2023-01-05 20:00:00,11.925910215900853,South,Beijing,Beijing,China,µg/m³,pm25,2023-01-05,0.16752351367374635
2023-01-05 21:00:00,5.642995870297829,South,Beijing,Beijing,China,µg/m³,pm25,2023-01-05,0.0479960568220017
2023-01-05 22:00:00,29.379311125466845,North,Beijing,Beijing,China,µg/m³,pm25,2023-01-05,0.4009342519804195
2023-01-05 23:00:00,7.803773004285483,South,Beijing,Beijing,China,µg/m³,pm25,2023-01-05,0.16563438167719355
2023-01-06 00:00:00,11.493061941085458,South,Beijing,Beijing,China,µg/m³,pm25,2023-01-06,0.20448221676300693
2023-01-06 01:00:00,28.09659419979972,West,Beijing,Beijing,China,µg/m³,pm25,2023-01-06,0.2854965692582603
2023-01-06 02:00:00,26.14423313278938,East,Beijing,Beijing,China,µg/m³,pm25,2023-01-06,0.38158204687469877
2023-01-06 03:00:00,8.75582934710223,South,Beijing,Beijing,China,µg/m³,pm25,2023-01-06,0.06746574033140826
2023-01-06 04:00:00,52.3848984528533,South,Beijing,Beijing,China,µg/m³,pm25,2023-01-06,0.6031918392185466
2023-01-06 05:00:00,51.46287645672613,South,Beijing,Beijing,China,µg/m³,pm25,2023-01-06,0.6741515458577603
2023-01-06 06:00:00,36.35871312563797,West,Beijing,Beijing,China,µg/m³,pm25,2023-01-06,0.36406031499984526
2023-01-06 07:00:00,36.32766681146971,East,Beijing,Beijing,China,µg/m³,pm25,2023-01-06,0.3849617816345585
2023-01-06 08:00:00,36.35902183696097,North,Beijing,Beijing,China,µg/m³,pm25,2023-01-06,0.4185727866239917
2023-01-06 09:00:00,48.39839920285595,West,Beijing,Beijing,China,µg/m³,pm25,2023-01-06,0.5088102093227496
2023-01-06 10:00:00,39.85463041242373,West,Beijing,Beijing,China,µg/m³,pm25,2023-01-06,0.37101313257093066
2023-01-06 11:00:00,12.821967161213044,East,Beijing,Beijing,China,µg/m³,pm25,2023-01-06,0.1816478203524318
2023-01-06 12:00:00,20.688727210564803,East,Beijing,Beijing,China,µg/m³,pm25,2023-01-06,0.2037720864193428
2023-01-06 13:00:00,101.94798297336732,West,Beijing,Beijing,China,µg/m³,pm25,2023-01-06,1.0931594512654323
2023-01-06 14:00:00,3.472264786069053,North,Beijing,Beijing,China,µg/m³,pm25,2023-01-06,0.03875143614900037
2023-01-06 15:00:00,16.92944564204186,West,Beijing,Beijing,China,µg/m³,pm25,2023-01-06,0.2967911766712956
2023-01-06 16:00:00,52.57218834042444,East,Beijing,Beijing,China,µg/m³,pm25,2023-01-06,0.5365592187874326
2023-01-06 17:00:00,13.549002393537547,North,Beijing,Beijing,China,µg/m³,pm25,2023-01-06,0.16938694812509172
2023-01-06 18:00:00,40.60468932523835,East,Beijing,Beijing,China,µg/m³,pm25,2023-01-06,0.49672275412086697
2023-01-06 19:00:00,25.892919575952828,North,Beijing,Beijing,China,µg/m³,pm25,2023-01-06,0.2473859799378305
2023-01-06 20:00:00,14.385673755444634,South,Beijing,Beijing,China,µg/m³,pm25,2023-01-06,0.2052297342846528
2023-01-06 21:00:00,2.715168256817379,East,Beijing,Beijing,China,µg/m³,pm25,2023-01-06,0.14250882028229522
2023-01-06 22:00:00,28.78728779903202,East,Beijing,Beijing,China,µg/m³,pm25,2023-01-06,0.2574987162622588
2023-01-06 23:00:00,12.579139822242665,West,Beijing,Beijing,China,µg/m³,pm25,2023-01-06,0.1850230911490419
2023-01-07 00:00:00,22.843310629122115,East,Beijing,Beijing,China,µg/m³,pm25,2023-01-07,0.29142724600364234
2023-01-07 01:00:00,36.10951454888664,East,Beijing,Beijing,China,µg/m³,pm25,2023-01-07,0.4501862890777319
2023-01-07 02:00:00,45.79218447520617,South,Beijing,Beijing,China,µg/m³,pm25,2023-01-07,0.4460743092081576
2023-01-07 03:00:00,16.884485336610357,East,Beijing,Beijing,China,µg/m³,pm25,2023-01-07,0.15282202271188977
2023-01-07 04:00:00,14.362524229862515,South,Beijing,Beijing,China,µg/m³,pm25,2023-01-07,0.21972232057947005
2023-01-07 05:00:00,7.669591168924451,South,Beijing,Beijing,China,µg/m³,pm25,2023-01-07,0.14154514535090382
2023-01-07 06:00:00,47.31943608594625,South,Beijing,Beijing,China,µg/m³,pm25,2023-01-07,0.5357190033767564
2023-01-07 07:00:00,92.72588963262912,South,Beijing,Beijing,China,µg/m³,pm25,2023-01-07,0.9945813068011401
2023-01-07 08:00:00,50.79714574799502,North,Beijing,Beijing,China,µg/m³,pm25,2023-01-07,0.5239702214010257
2023-01-07 09:00:00,58.434015789640505,West,Beijing,Beijing,China,µg/m³,pm25,2023-01-07,0.6459528427544553
2023-01-07 10:00:00,13.647511432834737,North,Beijing,Beijing,China,µg/m³,pm25,2023-01-07,0.2011287379932814
2023-01-07 11:00:00,34.6170249758351,East,Beijing,Beijing,China,µg/m³,pm25,2023-01-07,0.36045267885703264
2023-01-07 12:00:00,43.20104248441166,North,Beijing,Beijing,China,µg/m³,pm25,2023-01-07,0.5752991504013545
2023-01-07 13:00:00,9.94707896146982,North,Beijing,Beijing,China,µg/m³,pm25,2023-01-07,0.1731624356602876
2023-01-07 14:00:00,71.80728219398942,East,Beijing,Beijing,China,µg/m³,pm25,2023-01-07,0.7085076470797618
2023-01-07 15:00:00,6.27320150401475,East,Beijing,Beijing,China,µg/m³,pm25,2023-01-07,0.145559695471839
2023-01-07 16:00:00,64.58485523843676,East,Beijing,Beijing,China,µg/m³,pm25,2023-01-07,0.6471144688730015
2023-01-07 17:00:00,6.229231915453813,North,Beijing,Beijing,China,µg/m³,pm25,2023-01-07,0.15164654934166075
2023-01-07 18:00:00,10.403064899171625,North,Beijing,Beijing,China,µg/m³,pm25,2023-01-07,0.21196042794208647
2023-01-07 19:00:00,35.05875739704506,East,Beijing,Beijing,China,µg/m³,pm25,2023-01-07,0.3595534580528651
2023-01-07 20:00:00,26.37621957407919,West,Beijing,Beijing,China,µg/m³,pm25,2023-01-07,0.361931002203008
2023-01-07 21:00:00,18.25614949765517,West,Beijing,Beijing,China,µg/m³,pm25,2023-01-07,0.2532005413233766
2023-01-07 22:00:00,70.0071570808476,South,Beijing,Beijing,China,µg/m³,pm25,2023-01-07,0.7911745788082006
2023-01-07 23:00:00,7.874590321530868,East,Beijing,Beijing,China,µg/m³,pm25,2023-01-07,0.22358555234800606
2023-01-08 00:00:00,22.17438300839489,South,Beijing,Beijing,China,µg/m³,pm25,2023-01-08,0.2594744242838054
2023-01-08 01:00:00,38.21092635748357,West,Beijing,Beijing,China,µg/m³,pm25,2023-01-08,0.3944224553569612
2023-01-08 02:00:00,30.845713653075475,South,Beijing,Beijing,China,µg/m³,pm25,2023-01-08,0.3139814150494786
2023-01-08 03:00:00,14.776343568029391,East,Beijing,Beijing,China,µg/m³,pm25,2023-01-08,0.15697292143202202
2023-01-08 04:00:00,15.235658759481552,East,Beijing,Beijing,China,µg/m³,pm25,2023-01-08,0.1985015021241103
2023-01-08 05:00:00,45.32549883388159,East,Beijing,Beijing,China,µg/m³,pm25,2023-01-08,0.5203125870796481
2023-01-08 06:00:00,46.78036978298656,North,Beijing,Beijing,China,µg/m³,pm25,2023-01-08,0.5316382377963667
2023-01-08 07:00:00,31.43548249243285,South,Beijing,Beijing,China,µg/m³,pm25,2023-01-08,0.40571398737612974
2023-01-08 08:00:00,12.137579057482846,West,Beijing,Beijing,China,µg/m³,pm25,2023-01-08,0.1720258851687238
2023-01-08 09:00:00,15.645508378675332,West,Beijing,Beijing,China,µg/m³,pm25,2023-01-08,0.27913178764461916
2023-01-08 10:00:00,24.597422826952915,West,Beijing,Beijing,China,µg/m³,pm25,2023-01-08,0.2827413866076314
2023-01-08 11:00:00,27.341558608773337,North,Beijing,Beijing,China,µg/m³,pm25,2023-01-08,0.4594240444172143
2023-01-08 12:00:00,37.16154177717133,North,Beijing,Beijing,China,µg/m³,pm25,2023-01-08,0.4528987851599636
2023-01-08 13:00:00,21.28540833964769,East,Beijing,Beijing,China,µg/m³,pm25,2023-01-08,0.2199962055756628
2023-01-08 14:00:00,44.63268348753332,West,Beijing,Beijing,China,µg/m³,pm25,2023-01-08,0.4427822099722776
2023-01-08 15:00:00,44.2942174301177,North,Beijing,Beijing,China,µg/m³,pm25,2023-01-08,0.5170657950633363
2023-01-08 16:00:00,59.75930524617787,East,Beijing,Beijing,China,µg/m³,pm25,2023-01-08,0.6364199131954861
2023-01-08 17:00:00,25.408947438554364,West,Beijing,Beijing,China,µg/m³,pm25,2023-01-08,0.3397894990901482
2023-01-08 18:00:00,31.817532630399587,South,Beijing,Beijing,China,µg/m³,pm25,2023-01-08,0.3918372075326731
2023-01-08 19:00:00,22.563528099211474,East,Beijing,Beijing,China,µg/m³,pm25,2023-01-08,0.27199383535927113
2023-01-08 20:00:00,12.266920237754984,North,Beijing,Beijing,China,µg/m³,pm25,2023-01-08,0.1303295164741296
2023-01-08 21:00:00,91.35144329752694,North,Beijing,Beijing,China,µg/m³,pm25,2023-01-08,0.8877720717409763
2023-01-08 22:00:00,54.8012509201356,East,Beijing,Beijing,China,µg/m³,pm25,2023-01-08,0.575686761598005
2023-01-08 23:00:00,43.67764392677825,East,Beijing,Beijing,China,µg/m³,pm25,2023-01-08,0.5295963789839562
2023-01-09 00:00:00,24.763591390382853,North,Beijing,Beijing,China,µg/m³,pm25,2023-01-09,0.30834060111033873
2023-01-09 01:00:00,11.339221563164408,South,Beijing,Beijing,China,µg/m³,pm25,2023-01-09,0.10110527669604467
2023-01-09 02:00:00,49.03640864329804,West,Beijing,Beijing,China,µg/m³,pm25,2023-01-09,0.5490231327255395
2023-01-09 03:00:00,22.25900686054257,South,Beijing,Beijing,China,µg/m³,pm25,2023-01-09,0.29185593759186756
2023-01-09 04:00:00,33.87924476583472,East,Beijing,Beijing,China,µg/m³,pm25,2023-01-09,0.34459957584829054
2023-01-09 05:00:00,15.595356780847098,South,Beijing,Beijing,China,µg/m³,pm25,2023-01-09,0.21363982310574736
2023-01-09 06:00:00,30.0501262746748,North,Beijing,Beijing,China,µg/m³,pm25,2023-01-09,0.353411698669048
2023-01-09 07:00:00,16.411980939303675,East,Beijing,Beijing,China,µg/m³,pm25,2023-01-09,0.1569712945015056
2023-01-09 08:00:00,16.94279279650054,West,Beijing,Beijing,China,µg/m³,pm25,2023-01-09,0.2373172959824196
2023-01-09 09:00:00,29.76824067375265,North,Beijing,Beijing,China,µg/m³,pm25,2023-01-09,0.3757216330559382
2023-01-09 10:00:00,6.13598212640863,North,Beijing,Beijing,China,µg/m³,pm25,2023-01-09,0.16551238342285016
2023-01-09 11:00:00,6.449536179121809,West,Beijing,Beijing,China,µg/m³,pm25,2023-01-09,0.16718546439296325
2023-01-09 12:00:00,13.508616568543822,West,Beijing,Beijing,China,µg/m³,pm25,2023-01-09,0.11620269728758367
2023-01-09 13:00:00,21.09022731826588,South,Beijing,Beijing,China,µg/m³,pm25,2023-01-09,0.2140110211869027
2023-01-09 14:00:00,45.557893693294304,East,Beijing,Beijing,China,µg/m³,pm25,2023-01-09,0.531330700293376
2023-01-09 15:00:00,22.02894474502505,West,Beijing,Beijing,China,µg/m³,pm25,2023-01-09,0.29597874499586097
2023-01-09 16:00:00,24.643205613592627,West,Beijing,Beijing,China,µg/m³,pm25,2023-01-09,0.3221844404512287
2023-01-09 17:00:00,19.816418150721283,East,Beijing,Beijing,China,µg/m³,pm25,2023-01-09,0.4408007560399489
2023-01-09 18:00:00,31.784617946079777,West,Beijing,Beijing,China,µg/m³,pm25,2023-01-09,0.39639070499545614
2023-01-09 19:00:00,12.15869338090087,West,Beijing,Beijing,China,µg/m³,pm25,2023-01-09,0.22836521581803865
2023-01-09 20:00:00,22.95245901001624,South,Beijing,Beijing,China,µg/m³,pm25,2023-01-09,0.3272246782748225
2023-01-09 21:00:00,33.61387188858867,North,Beijing,Beijing,China,µg/m³,pm25,2023-01-09,0.4187082814511766
2023-01-09 22:00:00,29.595462123489053,North,Beijing,Beijing,China,µg/m³,pm25,2023-01-09,0.3301911590028732
2023-01-09 23:00:00,25.24464449463874,North,Beijing,Beijing,China,µg/m³,pm25,2023-01-09,0.34039490597105077
2023-01-10 00:00:00,25.477647563194743,North,Beijing,Beijing,China,µg/m³,pm25,2023-01-10,0.26613521490506886
2023-01-10 01:00:00,35.93685490217659,West,Beijing,Beijing,China,µg/m³,pm25,2023-01-10,0.39752761868476544
2023-01-10 02:00:00,94.17298795318422,East,Beijing,Beijing,China,µg/m³,pm25,2023-01-10,0.9674617021403871
2023-01-10 03:00:00,12.890052500282533,East,Beijing,Beijing,China,µg/m³,pm25,2023-01-10,0.18299423197214146
2023-01-10 04:00:00,95.90028490177583,South,Beijing,Beijing,China,µg/m³,pm25,2023-01-10,1.1247357773514337
2023-01-10 05:00:00,12.38684416993929,South,Beijing,Beijing,China,µg/m³,pm25,2023-01-10,0.0805051820698055
2023-01-10 06:00:00,2.302702429184716,West,Beijing,Beijing,China,µg/m³,pm25,2023-01-10,0.10734003381057283
2023-01-10 07:00:00,16.13835014179738,East,Beijing,Beijing,China,µg/m³,pm25,2023-01-10,0.1307477078584912
2023-01-10 08:00:00,32.21923891253026,East,Beijing,Beijing,China,µg/m³,pm25,2023-01-10,0.3485957958358309
2023-01-10 09:00:00,81.77395223970306,North,Beijing,Beijing,China,µg/m³,pm25,2023-01-10,0.922187052245399
2023-01-10 10:00:00,11.325962525282227,West,Beijing,Beijing,China,µg/m³,pm25,2023-01-10,0.16647362620759543
2023-01-10 11:00:00,35.78712143404177,West,Beijing,Beijing,China,µg/m³,pm25,2023-01-10,0.35398397544395244
2023-01-10 12:00:00,7.158599169749087,North,Beijing,Beijing,China,µg/m³,pm25,2023-01-10,0.08582080623449245
2023-01-10 13:00:00,79.88084532450314,West,Beijing,Beijing,China,µg/m³,pm25,2023-01-10,0.8827883406917653
2023-01-10 14:00:00,55.50119716515828,West,Beijing,Beijing,China,µg/m³,pm25,2023-01-10,0.568493640065726
2023-01-10 15:00:00,16.97063789785216,South,Beijing,Beijing,China,µg/m³,pm25,2023-01-10,0.23052930845762037
2023-01-10 16:00:00,61.45039186617475,East,Beijing,Beijing,China,µg/m³,pm25,2023-01-10,0.6667825106569382
2023-01-10 17:00:00,22.8468956596681,West,Beijing,Beijing,China,µg/m³,pm25,2023-01-10,0.24588893921639016
2023-01-10 18:00:00,57.44730919004511,South,Beijing,Beijing,China,µg/m³,pm25,2023-01-10,0.7316702963667174
2023-01-10 19:00:00,25.101681352385253,East,Beijing,Beijing,China,µg/m³,pm25,2023-01-10,0.3327127646397531
2023-01-10 20:00:00,25.920855790166915,North,Beijing,Beijing,China,µg/m³,pm25,2023-01-10,0.20795142856878876
2023-01-10 21:00:00,17.258083189536418,South,Beijing,Beijing,China,µg/m³,pm25,2023-01-10,0.23190354763383558
2023-01-10 22:00:00,39.10512812214844,South,Beijing,Beijing,China,µg/m³,pm25,2023-01-10,0.407961957983065
2023-01-10 23:00:00,27.402619208494645,East,Beijing,Beijing,China,µg/m³,pm25,2023-01-10,0.36664785882475764
2023-01-11 00:00:00,36.34388917231848,North,Beijing,Beijing,China,µg/m³,pm25,2023-01-11,0.37381285480154974
2023-01-11 01:00:00,5.505806077394587,South,Beijing,Beijing,China,µg/m³,pm25,2023-01-11,0.09932123870060092
2023-01-11 02:00:00,58.80196110891774,West,Beijing,Beijing,China,µg/m³,pm25,2023-01-11,0.6632689750382004
2023-01-11 03:00:00,68.67436738967437,West,Beijing,Beijing,China,µg/m³,pm25,2023-01-11,0.7800314336052498
2023-01-11 04:00:00,27.307598832467523,West,Beijing,Beijing,China,µg/m³,pm25,2023-01-11,0.2630611679718864
2023-01-11 05:00:00,89.90559962857337,North,Beijing,Beijing,China,µg/m³,pm25,2023-01-11,0.9323309344936863
2023-01-11 06:00:00,76.72562484616718,South,Beijing,Beijing,China,µg/m³,pm25,2023-01-11,0.793508982903624
2023-01-11 07:00:00,39.69587762299494,West,Beijing,Beijing,China,µg/m³,pm25,2023-01-11,0.4142923146012638
2023-01-11 08:00:00,61.97241948054389,North,Beijing,Beijing,China,µg/m³,pm25,2023-01-11,0.7579969068194938
2023-01-11 09:00:00,51.60786372384747,West,Beijing,Beijing,China,µg/m³,pm25,2023-01-11,0.5863277227865226
2023-01-11 10:00:00,4.066945513555396,East,Beijing,Beijing,China,µg/m³,pm25,2023-01-11,0.027625257418801702
2023-01-11 11:00:00,20.1374447841892,South,Beijing,Beijing,China,µg/m³,pm25,2023-01-11,0.29726754519463083
2023-01-11 12:00:00,41.628461603396055,South,Beijing,Beijing,China,µg/m³,pm25,2023-01-11,0.5723924258845923
2023-01-11 13:00:00,71.65885947567817,North,Beijing,Beijing,China,µg/m³,pm25,2023-01-11,0.8182118577843391
2023-01-11 14:00:00,6.666658774715288,North,Beijing,Beijing,China,µg/m³,pm25,2023-01-11,0.040698089449452204
2023-01-11 15:00:00,4.39483607972367,South,Beijing,Beijing,China,µg/m³,pm25,2023-01-11,0.06973665715392413
2023-01-11 16:00:00,23.939677413853456,West,Beijing,Beijing,China,µg/m³,pm25,2023-01-11,0.35274233159786567
2023-01-11 17:00:00,2.53294268093856,West,Beijing,Beijing,China,µg/m³,pm25,2023-01-11,0.039945953528446564
2023-01-11 18:00:00,23.31360516345028,East,Beijing,Beijing,China,µg/m³,pm25,2023-01-11,0.3053270230418142
2023-01-11 19:00:00,32.79231775456404,West,Beijing,Beijing,China,µg/m³,pm25,2023-01-11,0.4166548802171072
2023-01-11 20:00:00,10.85888693284487,North,Beijing,Beijing,China,µg/m³,pm25,2023-01-11,0.11224234574954456
2023-01-11 21:00:00,23.805761879537503,North,Beijing,Beijing,China,µg/m³,pm25,2023-01-11,0.28508135099228504
2023-01-11 22:00:00,48.4327151432458,West,Beijing,Beijing,China,µg/m³,pm25,2023-01-11,0.3722637844290044
2023-01-11 23:00:00,16.07331115501628,North,Beijing,Beijing,China,µg/m³,pm25,2023-01-11,0.15951372948344833
2023-01-12 00:00:00,12.574826965510884,South,Beijing,Beijing,China,µg/m³,pm25,2023-01-12,0.1631198620854508
2023-01-12 01:00:00,22.98411585811071,South,Beijing,Beijing,China,µg/m³,pm25,2023-01-12,0.21745199948286462
2023-01-12 02:00:00,9.833800556091886,West,Beijing,Beijing,China,µg/m³,pm25,2023-01-12,0.22995857075750065
2023-01-12 03:00:00,85.61114999298243,South,Beijing,Beijing,China,µg/m³,pm25,2023-01-12,0.8346044310317928
2023-01-12 04:00:00,25.68911220846924,South,Beijing,Beijing,China,µg/m³,pm25,2023-01-12,0.28488889774984316
2023-01-12 05:00:00,13.750522609251028,East,Beijing,Beijing,China,µg/m³,pm25,2023-01-12,0.19404225495681487
2023-01-12 06:00:00,29.376856373424907,East,Beijing,Beijing,China,µg/m³,pm25,2023-01-12,0.41583222818755483
2023-01-12 07:00:00,22.88725471207519,South,Beijing,Beijing,China,µg/m³,pm25,2023-01-12,0.20707943956177996
2023-01-12 08:00:00,20.96043690291836,West,Beijing,Beijing,China,µg/m³,pm25,2023-01-12,0.3177625566369316
2023-01-12 09:00:00,16.069798420464224,East,Beijing,Beijing,China,µg/m³,pm25,2023-01-12,0.2112096372556216
2023-01-12 10:00:00,15.4250011487286,North,Beijing,Beijing,China,µg/m³,pm25,2023-01-12,0.15517457893488845
2023-01-12 11:00:00,5.640527831132326,North,Beijing,Beijing,China,µg/m³,pm25,2023-01-12,0.1295104520244868
2023-01-12 12:00:00,61.91011024159218,North,Beijing,Beijing,China,µg/m³,pm25,2023-01-12,0.6790540871945953
2023-01-12 13:00:00,37.90954365527348,West,Beijing,Beijing,China,µg/m³,pm25,2023-01-12,0.39908459269479507
2023-01-12 14:00:00,31.5246923501847,South,Beijing,Beijing,China,µg/m³,pm25,2023-01-12,0.368737027751348
2023-01-12 15:00:00,22.603800315015715,North,Beijing,Beijing,China,µg/m³,pm25,2023-01-12,0.2567723233070691
2023-01-12 16:00:00,10.68587813491308,West,Beijing,Beijing,China,µg/m³,pm25,2023-01-12,0.1625346486116932
2023-01-12 17:00:00,13.027465979726266,East,Beijing,Beijing,China,µg/m³,pm25,2023-01-12,0.21338119352331497
2023-01-12 18:00:00,6.334164358925235,South,Beijing,Beijing,China,µg/m³,pm25,2023-01-12,0.19264248439651996
2023-01-12 19:00:00,14.453132090919503,East,Beijing,Beijing,China,µg/m³,pm25,2023-01-12,0.1326405459678526
2023-01-12 20:00:00,9.360215305786488,West,Beijing,Beijing,China,µg/m³,pm25,2023-01-12,0.25025382179067823
2023-01-12 21:00:00,73.97019806138262,North,Beijing,Beijing,China,µg/m³,pm25,2023-01-12,0.6920975906377012
2023-01-12 22:00:00,46.25422503878657,North,Beijing,Beijing,China,µg/m³,pm25,2023-01-12,0.5049529956360865
2023-01-12 23:00:00,26.528359403527084,West,Beijing,Beijing,China,µg/m³,pm25,2023-01-12,0.34469945435949967
2023-01-13 00:00:00,11.755412602736492,North,Beijing,Beijing,China,µg/m³,pm25,2023-01-13,0.18160371941411654
2023-01-13 01:00:00,9.81298325266278,South,Beijing,Beijing,China,µg/m³,pm25,2023-01-13,0.11699485653559813
2023-01-13 02:00:00,21.492283954236903,West,Beijing,Beijing,China,µg/m³,pm25,2023-01-13,0.2545167270245053
2023-01-13 03:00:00,47.56626491475556,East,Beijing,Beijing,China,µg/m³,pm25,2023-01-13,0.5010126024146139
2023-01-13 04:00:00,6.519602924947248,West,Beijing,Beijing,China,µg/m³,pm25,2023-01-13,0.0857277914022619
2023-01-13 05:00:00,37.56330578964069,South,Beijing,Beijing,China,µg/m³,pm25,2023-01-13,0.4681131627474581
2023-01-13 06:00:00,14.398508974752769,South,Beijing,Beijing,China,µg/m³,pm25,2023-01-13,0.2118358640457801
2023-01-13 07:00:00,16.70357095599316,West,Beijing,Beijing,China,µg/m³,pm25,2023-01-13,0.1823902297968989
2023-01-13 08:00:00,25.951438186396487,West,Beijing,Beijing,China,µg/m³,pm25,2023-01-13,0.35449437563562736
2023-01-13 09:00:00,12.114206751290755,North,Beijing,Beijing,China,µg/m³,pm25,2023-01-13,0.18650704355673803
2023-01-13 10:00:00,20.652400794688194,South,Beijing,Beijing,China,µg/m³,pm25,2023-01-13,0.29716711388883
2023-01-13 11:00:00,11.221776588634455,West,Beijing,Beijing,China,µg/m³,pm25,2023-01-13,0.19369920798252518
2023-01-13 12:00:00,15.411628602800612,West,Beijing,Beijing,China,µg/m³,pm25,2023-01-13,0.16266653548190252
2023-01-13 13:00:00,42.6666570358708,South,Beijing,Beijing,China,µg/m³,pm25,2023-01-13,0.4486575183488595
2023-01-13 14:00:00,26.97331812685792,West,Beijing,Beijing,China,µg/m³,pm25,2023-01-13,0.35709786152474227
2023-01-13 15:00:00,42.55601738854971,North,Beijing,Beijing,China,µg/m³,pm25,2023-01-13,0.5060786871571703
2023-01-13 16:00:00,14.238497370483412,South,Beijing,Beijing,China,µg/m³,pm25,2023-01-13,0.19133989400662674
2023-01-13 17:00:00,37.7574556573006,North,Beijing,Beijing,China,µg/m³,pm25,2023-01-13,0.4334409257384451
2023-01-13 18:00:00,4.872008212303175,North,Beijing,Beijing,China,µg/m³,pm25,2023-01-13,0.162603326912453
2023-01-13 19:00:00,25.942769642927644,North,Beijing,Beijing,China,µg/m³,pm25,2023-01-13,0.27984912698748493
2023-01-13 20:00:00,39.51735758771215,North,Beijing,Beijing,China,µg/m³,pm25,2023-01-13,0.47252844493562335
2023-01-13 21:00:00,4.65417083238544,South,Beijing,Beijing,China,µg/m³,pm25,2023-01-13,0.0864320757021597
2023-01-13 22:00:00,14.382515496031354,North,Beijing,Beijing,China,µg/m³,pm25,2023-01-13,0.18294109479895254
2023-01-13 23:00:00,25.92915031832721,North,Beijing,Beijing,China,µg/m³,pm25,2023-01-13,0.3642303457826316
2023-01-14 00:00:00,49.98840924143956,West,Beijing,Beijing,China,µg/m³,pm25,2023-01-14,0.5911549098637972
2023-01-14 01:00:00,15.40993790420934,South,Beijing,Beijing,China,µg/m³,pm25,2023-01-14,0.24477486084212535
2023-01-14 02:00:00,36.72707159719576,South,Beijing,Beijing,China,µg/m³,pm25,2023-01-14,0.482544656329674
2023-01-14 03:00:00,64.59562344710827,East,Beijing,Beijing,China,µg/m³,pm25,2023-01-14,0.6970064265527206
2023-01-14 04:00:00,37.92271258738742,South,Beijing,Beijing,China,µg/m³,pm25,2023-01-14,0.4633247744386224
2023-01-14 05:00:00,21.27057782891265,South,Beijing,Beijing,China,µg/m³,pm25,2023-01-14,0.2471924404594537
2023-01-14 06:00:00,32.89795595633041,East,Beijing,Beijing,China,µg/m³,pm25,2023-01-14,0.39518787718772613
2023-01-14 07:00:00,15.033051604447689,South,Beijing,Beijing,China,µg/m³,pm25,2023-01-14,0.19382336332609265
2023-01-14 08:00:00,26.7145723656798,South,Beijing,Beijing,China,µg/m³,pm25,2023-01-14,0.3219955219064339
2023-01-14 09:00:00,22.10487671002018,South,Beijing,Beijing,China,µg/m³,pm25,2023-01-14,0.3008066183720475
2023-01-14 10:00:00,32.12408371560268,South,Beijing,Beijing,China,µg/m³,pm25,2023-01-14,0.33032980299435316
2023-01-14 11:00:00,17.842181947992866,East,Beijing,Beijing,China,µg/m³,pm25,2023-01-14,0.3330411832642017
2023-01-14 12:00:00,33.44290642961585,South,Beijing,Beijing,China,µg/m³,pm25,2023-01-14,0.33412819522117343
2023-01-14 13:00:00,17.70170312726306,South,Beijing,Beijing,China,µg/m³,pm25,2023-01-14,0.166307600633244
2023-01-14 14:00:00,45.94802359092733,East,Beijing,Beijing,China,µg/m³,pm25,2023-01-14,0.5673857795842767
2023-01-14 15:00:00,19.203125681731024,West,Beijing,Beijing,China,µg/m³,pm25,2023-01-14,0.28161439151545703
2023-01-14 16:00:00,2.658343361107703,North,Beijing,Beijing,China,µg/m³,pm25,2023-01-14,0.10778942446368478
2023-01-14 17:00:00,10.118827073633383,West,Beijing,Beijing,China,µg/m³,pm25,2023-01-14,0.18260554619954783
2023-01-14 18:00:00,25.358369251579067,East,Beijing,Beijing,China,µg/m³,pm25,2023-01-14,0.3029713538734449
2023-01-14 19:00:00,73.54379893140494,North,Beijing,Beijing,China,µg/m³,pm25,2023-01-14,0.7405752707397578
2023-01-14 20:00:00,44.746467776572544,East,Beijing,Beijing,China,µg/m³,pm25,2023-01-14,0.5012549056754118
2023-01-14 21:00:00,1.9750452290779583,East,Beijing,Beijing,China,µg/m³,pm25,2023-01-14,0.035892366715174
2023-01-14 22:00:00,5.90733573160686,South,Beijing,Beijing,China,µg/m³,pm25,2023-01-14,0.15782934398695617
2023-01-14 23:00:00,54.33344259948695,North,Beijing,Beijing,China,µg/m³,pm25,2023-01-14,0.5859815569197626
2023-01-15 00:00:00,39.36486741237094,South,Beijing,Beijing,China,µg/m³,pm25,2023-01-15,0.4023738142840838
2023-01-15 01:00:00,99.79024200887132,North,Beijing,Beijing,China,µg/m³,pm25,2023-01-15,1.0318331280060635
2023-01-15 02:00:00,17.117864209272728,East,Beijing,Beijing,China,µg/m³,pm25,2023-01-15,0.24182521480650854
2023-01-15 03:00:00,11.88987962737676,East,Beijing,Beijing,China,µg/m³,pm25,2023-01-15,0.14071256863356887
2023-01-15 04:00:00,26.411640590910952,West,Beijing,Beijing,China,µg/m³,pm25,2023-01-15,0.27300538613078795
2023-01-15 05:00:00,16.844088666374766,North,Beijing,Beijing,China,µg/m³,pm25,2023-01-15,0.2306252472383433
2023-01-15 06:00:00,50.95495774433305,South,Beijing,Beijing,China,µg/m³,pm25,2023-01-15,0.5717979059987667
2023-01-15 07:00:00,16.36706913196844,West,Beijing,Beijing,China,µg/m³,pm25,2023-01-15,0.18832353255112794
2023-01-15 08:00:00,20.129598303995195,West,Beijing,Beijing,China,µg/m³,pm25,2023-01-15,0.2277440677590358
2023-01-15 09:00:00,10.432720552266328,West,Beijing,Beijing,China,µg/m³,pm25,2023-01-15,0.16592970239054508
2023-01-15 10:00:00,42.71084891166429,South,Beijing,Beijing,China,µg/m³,pm25,2023-01-15,0.4047042720417767
2023-01-15 11:00:00,11.05682413098802,West,Beijing,Beijing,China,µg/m³,pm25,2023-01-15,0.09019505259105241
2023-01-15 12:00:00,33.89118513882315,South,Beijing,Beijing,China,µg/m³,pm25,2023-01-15,0.3529896403256097
2023-01-15 13:00:00,81.80062334353488,West,Beijing,Beijing,China,µg/m³,pm25,2023-01-15,0.8573338758497565
2023-01-15 14:00:00,3.9527271844296257,South,Beijing,Beijing,China,µg/m³,pm25,2023-01-15,0.10507265012419649
2023-01-15 15:00:00,66.60242522022178,East,Beijing,Beijing,China,µg/m³,pm25,2023-01-15,0.7897920630496954
2023-01-15 16:00:00,30.822924756217297,East,Beijing,Beijing,China,µg/m³,pm25,2023-01-15,0.4011122287222739
2023-01-15 17:00:00,8.92510881782059,East,Beijing,Beijing,China,µg/m³,pm25,2023-01-15,0.13125416168003456
2023-01-15 18:00:00,27.17882056295519,East,Beijing,Beijing,China,µg/m³,pm25,2023-01-15,0.32083739523441746
2023-01-15 19:00:00,41.85260687954828,East,Beijing,Beijing,China,µg/m³,pm25,2023-01-15,0.4183996005635924
2023-01-15 20:00:00,12.604224608889824,West,Beijing,Beijing,China,µg/m³,pm25,2023-01-15,0.17511658928927873
2023-01-15 21:00:00,35.28645589838463,West,Beijing,Beijing,China,µg/m³,pm25,2023-01-15,0.3884316270378394
2023-01-15 22:00:00,70.28336017567656,West,Beijing,Beijing,China,µg/m³,pm25,2023-01-15,0.7689695297736702
2023-01-15 23:00:00,16.3495652489623,South,Beijing,Beijing,China,µg/m³,pm25,2023-01-15,0.17213410531200685
2023-01-16 00:00:00,10.315923175721542,South,Beijing,Beijing,China,µg/m³,pm25,2023-01-16,0.17912655746927403
2023-01-16 01:00:00,22.642402047854635,South,Beijing,Beijing,China,µg/m³,pm25,2023-01-16,0.35306096612867527
2023-01-16 02:00:00,26.09470908040972,South,Beijing,Beijing,China,µg/m³,pm25,2023-01-16,0.3055090833812543
2023-01-16 03:00:00,52.73894862160192,East,Beijing,Beijing,China,µg/m³,pm25,2023-01-16,0.5974750723209663
2023-01-16 04:00:00,22.063325065035254,East,Beijing,Beijing,China,µg/m³,pm25,2023-01-16,0.3051404502359082
2023-01-16 05:00:00,17.61114561732919,East,Beijing,Beijing,China,µg/m³,pm25,2023-01-16,0.2060504325790001
2023-01-16 06:00:00,10.076311303494313,North,Beijing,Beijing,China,µg/m³,pm25,2023-01-16,0.16196773712546397
2023-01-16 07:00:00,4.696368361551433,West,Beijing,Beijing,China,µg/m³,pm25,2023-01-16,0.09759330365460407
2023-01-16 08:00:00,7.416306342059076,South,Beijing,Beijing,China,µg/m³,pm25,2023-01-16,0.12904686834803233
2023-01-16 09:00:00,7.372310725457293,South,Beijing,Beijing,China,µg/m³,pm25,2023-01-16,0.08507261806179961
2023-01-16 10:00:00,20.302445546360136,East,Beijing,Beijing,China,µg/m³,pm25,2023-01-16,0.2542499641765485
2023-01-16 11:00:00,5.727438214600897,South,Beijing,Beijing,China,µg/m³,pm25,2023-01-16,0.13217429670828146
2023-01-16 12:00:00,23.96325521578498,South,Beijing,Beijing,China,µg/m³,pm25,2023-01-16,0.3621897325476019
2023-01-16 13:00:00,80.61816178095891,West,Beijing,Beijing,China,µg/m³,pm25,2023-01-16,0.9041451591138496
2023-01-16 14:00:00,53.77686057071257,East,Beijing,Beijing,China,µg/m³,pm25,2023-01-16,0.6954277285827035
2023-01-16 15:00:00,20.14613248177316,West,Beijing,Beijing,China,µg/m³,pm25,2023-01-16,0.21309394667332918
2023-01-16 16:00:00,115.27718961071838,North,Beijing,Beijing,China,µg/m³,pm25,2023-01-16,1.2463879279432177
2023-01-16 17:00:00,26.16438352458891,North,Beijing,Beijing,China,µg/m³,pm25,2023-01-16,0.32081093553280665
2023-01-16 18:00:00,29.035427453620617,North,Beijing,Beijing,China,µg/m³,pm25,2023-01-16,0.4498444211970898
2023-01-16 19:00:00,22.307377651148705,East,Beijing,Beijing,China,µg/m³,pm25,2023-01-16,0.2326588622437295
2023-01-16 20:00:00,24.3710844126134,South,Beijing,Beijing,China,µg/m³,pm25,2023-01-16,0.2517247520170952
2023-01-16 21:00:00,15.884117787421266,East,Beijing,Beijing,China,µg/m³,pm25,2023-01-16,0.17887154560201157
2023-01-16 22:00:00,20.380320748015883,East,Beijing,Beijing,China,µg/m³,pm25,2023-01-16,0.1476084212646685
2023-01-16 23:00:00,66.89867177777455,South,Beijing,Beijing,China,µg/m³,pm25,2023-01-16,0.6926989666937076
2023-01-17 00:00:00,57.72659654401632,West,Beijing,Beijing,China,µg/m³,pm25,2023-01-17,0.5893093323624783
2023-01-17 01:00:00,2.507991660474104,North,Beijing,Beijing,China,µg/m³,pm25,2023-01-17,0.08259960592855142
2023-01-17 02:00:00,6.449160122929129,West,Beijing,Beijing,China,µg/m³,pm25,2023-01-17,0.13157940001814927
2023-01-17 03:00:00,12.76013401189192,North,Beijing,Beijing,China,µg/m³,pm25,2023-01-17,0.2714098820797135
2023-01-17 04:00:00,47.84932376632371,East,Beijing,Beijing,China,µg/m³,pm25,2023-01-17,0.5760144295725396
2023-01-17 05:00:00,58.59254608077711,North,Beijing,Beijing,China,µg/m³,pm25,2023-01-17,0.6070802780246509
2023-01-17 06:00:00,41.740914264905975,East,Beijing,Beijing,China,µg/m³,pm25,2023-01-17,0.42248840908164187
2023-01-17 07:00:00,8.890433786247465,West,Beijing,Beijing,China,µg/m³,pm25,2023-01-17,0.16350029643779992
2023-01-17 08:00:00,16.156216505955747,East,Beijing,Beijing,China,µg/m³,pm25,2023-01-17,0.14555050470852537
2023-01-17 09:00:00,35.72456938447117,West,Beijing,Beijing,China,µg/m³,pm25,2023-01-17,0.49881863213742933
2023-01-17 10:00:00,20.628927029048533,South,Beijing,Beijing,China,µg/m³,pm25,2023-01-17,0.31526127632654966
2023-01-17 11:00:00,18.42141871595528,South,Beijing,Beijing,China,µg/m³,pm25,2023-01-17,0.2107554045543176
2023-01-17 12:00:00,18.641163488640675,South,Beijing,Beijing,China,µg/m³,pm25,2023-01-17,0.1507549084318629
2023-01-17 13:00:00,54.84109219345398,East,Beijing,Beijing,China,µg/m³,pm25,2023-01-17,0.6661045406428104
2023-01-17 14:00:00,38.333984063209904,South,Beijing,Beijing,China,µg/m³,pm25,2023-01-17,0.4276128483694681
2023-01-17 15:00:00,19.471990152068265,North,Beijing,Beijing,China,µg/m³,pm25,2023-01-17,0.3066107171193558
2023-01-17 16:00:00,31.862280072502383,West,Beijing,Beijing,China,µg/m³,pm25,2023-01-17,0.2889014177853055
2023-01-17 17:00:00,7.755976215318471,West,Beijing,Beijing,China,µg/m³,pm25,2023-01-17,0.09759101100549607
2023-01-17 18:00:00,16.182245414265168,North,Beijing,Beijing,China,µg/m³,pm25,2023-01-17,0.21208463912856082
2023-01-17 19:00:00,51.31283171096164,East,Beijing,Beijing,China,µg/m³,pm25,2023-01-17,0.5654773467978536
2023-01-17 20:00:00,5.348327740500333,East,Beijing,Beijing,China,µg/m³,pm25,2023-01-17,0.08098000383104115
2023-01-17 21:00:00,38.66734539639464,West,Beijing,Beijing,China,µg/m³,pm25,2023-01-17,0.4678159505813213
2023-01-17 22:00:00,2.472459094127238,South,Beijing,Beijing,China,µg/m³,pm25,2023-01-17,0.021343569472142665
2023-01-17 23:00:00,74.34258227555218,East,Beijing,Beijing,China,µg/m³,pm25,2023-01-17,0.7863068485044571
2023-01-18 00:00:00,15.862740868061438,East,Beijing,Beijing,China,µg/m³,pm25,2023-01-18,0.21464219026620934
2023-01-18 01:00:00,33.55314896424152,North,Beijing,Beijing,China,µg/m³,pm25,2023-01-18,0.4112534313453527
2023-01-18 02:00:00,27.277890065411043,North,Beijing,Beijing,China,µg/m³,pm25,2023-01-18,0.3583596445585549
2023-01-18 03:00:00,28.024995344508884,South,Beijing,Beijing,China,µg/m³,pm25,2023-01-18,0.27401784885319536
2023-01-18 04:00:00,31.44681448086728,East,Beijing,Beijing,China,µg/m³,pm25,2023-01-18,0.2877624362718917
2023-01-18 05:00:00,4.353727177506828,East,Beijing,Beijing,China,µg/m³,pm25,2023-01-18,0.15742111286999375
2023-01-18 06:00:00,28.45691664379732,North,Beijing,Beijing,China,µg/m³,pm25,2023-01-18,0.3511848670369528
2023-01-18 07:00:00,21.60374732848238,East,Beijing,Beijing,China,µg/m³,pm25,2023-01-18,0.22861314645699612
2023-01-18 08:00:00,15.93663001089924,West,Beijing,Beijing,China,µg/m³,pm25,2023-01-18,0.2869238988851186
2023-01-18 09:00:00,12.754099009557075,North,Beijing,Beijing,China,µg/m³,pm25,2023-01-18,0.18332472181021373
2023-01-18 10:00:00,28.987536404757694,South,Beijing,Beijing,China,µg/m³,pm25,2023-01-18,0.3988402232507683
2023-01-18 11:00:00,10.436948738212884,North,Beijing,Beijing,China,µg/m³,pm25,2023-01-18,0.1577454114526343
2023-01-18 12:00:00,50.6943991747402,East,Beijing,Beijing,China,µg/m³,pm25,2023-01-18,0.6599813879915014
2023-01-18 13:00:00,35.313975954826475,South,Beijing,Beijing,China,µg/m³,pm25,2023-01-18,0.490906801670425
2023-01-18 14:00:00,30.292972890174124,North,Beijing,Beijing,China,µg/m³,pm25,2023-01-18,0.34048152147778754
2023-01-18 15:00:00,49.26650711830352,West,Beijing,Beijing,China,µg/m³,pm25,2023-01-18,0.5912436187307529
2023-01-18 16:00:00,3.611138883680976,West,Beijing,Beijing,China,µg/m³,pm25,2023-01-18,0.11838018631606714
2023-01-18 17:00:00,7.506108616755269,North,Beijing,Beijing,China,µg/m³,pm25,2023-01-18,0.19349266404417012
2023-01-18 18:00:00,36.42397265578774,West,Beijing,Beijing,China,µg/m³,pm25,2023-01-18,0.3659935535288722
2023-01-18 19:00:00,13.41505673326942,West,Beijing,Beijing,China,µg/m³,pm25,2023-01-18,0.21845314033261615
2023-01-18 20:00:00,14.929370775632105,West,Beijing,Beijing,China,µg/m³,pm25,2023-01-18,0.2522149320988004
2023-01-18 21:00:00,6.455837386459568,South,Beijing,Beijing,China,µg/m³,pm25,2023-01-18,0.026621399543439977
2023-01-18 22:00:00,10.464009314874827,West,Beijing,Beijing,China,µg/m³,pm25,2023-01-18,0.09547716751545951
2023-01-18 23:00:00,51.45785476226161,West,Beijing,Beijing,China,µg/m³,pm25,2023-01-18,0.4626169387346111
2023-01-19 00:00:00,35.82153631963039,West,Beijing,Beijing,China,µg/m³,pm25,2023-01-19,0.39474502147407603
2023-01-19 01:00:00,28.752875570581864,South,Beijing,Beijing,China,µg/m³,pm25,2023-01-19,0.37340586849561674
2023-01-19 02:00:00,15.42753336469765,North,Beijing,Beijing,China,µg/m³,pm25,2023-01-19,0.27939318625177795
2023-01-19 03:00:00,27.437923480493414,East,Beijing,Beijing,China,µg/m³,pm25,2023-01-19,0.3280839738259229
2023-01-19 04:00:00,54.51296865594985,West,Beijing,Beijing,China,µg/m³,pm25,2023-01-19,0.6765604638380631
2023-01-19 05:00:00,13.705710307910795,North,Beijing,Beijing,China,µg/m³,pm25,2023-01-19,0.11805203016836337
2023-01-19 06:00:00,24.32855333505153,West,Beijing,Beijing,China,µg/m³,pm25,2023-01-19,0.2081164113827576
2023-01-19 07:00:00,77.35960933322174,South,Beijing,Beijing,China,µg/m³,pm25,2023-01-19,0.8208187083873866
2023-01-19 08:00:00,41.36268328725727,North,Beijing,Beijing,China,µg/m³,pm25,2023-01-19,0.482830105319538
2023-01-19 09:00:00,15.613145902740053,South,Beijing,Beijing,China,µg/m³,pm25,2023-01-19,0.2044967216226959
2023-01-19 10:00:00,39.07799716148593,West,Beijing,Beijing,China,µg/m³,pm25,2023-01-19,0.3374078666128655
2023-01-19 11:00:00,5.254705411928717,West,Beijing,Beijing,China,µg/m³,pm25,2023-01-19,0.09809105214364776
2023-01-19 12:00:00,23.586127057562344,South,Beijing,Beijing,China,µg/m³,pm25,2023-01-19,0.22063779555038077
2023-01-19 13:00:00,39.048326687052295,East,Beijing,Beijing,China,µg/m³,pm25,2023-01-19,0.4739668943120249
2023-01-19 14:00:00,33.10890180723993,South,Beijing,Beijing,China,µg/m³,pm25,2023-01-19,0.39941893037724174
2023-01-19 15:00:00,38.78597559665318,West,Beijing,Beijing,China,µg/m³,pm25,2023-01-19,0.39086576665016404
2023-01-19 16:00:00,44.8755265706203,South,Beijing,Beijing,China,µg/m³,pm25,2023-01-19,0.47306191983936835
2023-01-19 17:00:00,34.98787888744136,East,Beijing,Beijing,China,µg/m³,pm25,2023-01-19,0.34691811277996604
2023-01-19 18:00:00,34.276503423840005,South,Beijing,Beijing,China,µg/m³,pm25,2023-01-19,0.38963107937474145
2023-01-19 19:00:00,29.241380742504298,East,Beijing,Beijing,China,µg/m³,pm25,2023-01-19,0.39017092345010485
2023-01-19 20:00:00,9.365160085969832,East,Beijing,Beijing,China,µg/m³,pm25,2023-01-19,0.09436529854292111
2023-01-19 21:00:00,51.44253546697607,South,Beijing,Beijing,China,µg/m³,pm25,2023-01-19,0.589627680445653
2023-01-19 22:00:00,24.241814157739952,South,Beijing,Beijing,China,µg/m³,pm25,2023-01-19,0.2659052606587775
2023-01-19 23:00:00,40.65562807675966,North,Beijing,Beijing,China,µg/m³,pm25,2023-01-19,0.4169126391544794
2023-01-20 00:00:00,47.92714259059604,West,Beijing,Beijing,China,µg/m³,pm25,2023-01-20,0.5239199079082325
2023-01-20 01:00:00,16.279209817111123,East,Beijing,Beijing,China,µg/m³,pm25,2023-01-20,0.16102998205014252
2023-01-20 02:00:00,17.49465269586621,North,Beijing,Beijing,China,µg/m³,pm25,2023-01-20,0.19726406169130303
2023-01-20 03:00:00,19.478127014007597,South,Beijing,Beijing,China,µg/m³,pm25,2023-01-20,0.18488737551063358
2023-01-20 04:00:00,58.05438590317897,West,Beijing,Beijing,China,µg/m³,pm25,2023-01-20,0.7287801156776093
2023-01-20 05:00:00,11.3695090123673,North,Beijing,Beijing,China,µg/m³,pm25,2023-01-20,0.16545826772225944
2023-01-20 06:00:00,64.79306465687512,East,Beijing,Beijing,China,µg/m³,pm25,2023-01-20,0.662944371169122
2023-01-20 07:00:00,29.002703569479998,North,Beijing,Beijing,China,µg/m³,pm25,2023-01-20,0.3507260312315111
2023-01-20 08:00:00,30.536181010678572,East,Beijing,Beijing,China,µg/m³,pm25,2023-01-20,0.3497454076222442
2023-01-20 09:00:00,46.48783400581953,South,Beijing,Beijing,China,µg/m³,pm25,2023-01-20,0.5038298600815342
2023-01-20 10:00:00,26.62751561983875,West,Beijing,Beijing,China,µg/m³,pm25,2023-01-20,0.3469834912005587
2023-01-20 11:00:00,51.82970336339861,West,Beijing,Beijing,China,µg/m³,pm25,2023-01-20,0.6061724191363513
2023-01-20 12:00:00,16.26112252560707,West,Beijing,Beijing,China,µg/m³,pm25,2023-01-20,0.18608616787554436
2023-01-20 13:00:00,63.427837007941946,South,Beijing,Beijing,China,µg/m³,pm25,2023-01-20,0.6554874580471854
2023-01-20 14:00:00,17.32719334377029,East,Beijing,Beijing,China,µg/m³,pm25,2023-01-20,0.2095193485801207
2023-01-20 15:00:00,65.02742888529288,South,Beijing,Beijing,China,µg/m³,pm25,2023-01-20,0.5851782306161496
2023-01-20 16:00:00,17.713977119809773,West,Beijing,Beijing,China,µg/m³,pm25,2023-01-20,0.15138021808817015
2023-01-20 17:00:00,19.930648924537707,South,Beijing,Beijing,China,µg/m³,pm25,2023-01-20,0.3176502026176033
2023-01-20 18:00:00,10.1606917071935,South,Beijing,Beijing,China,µg/m³,pm25,2023-01-20,0.23385530274699923
2023-01-20 19:00:00,12.884450061222738,South,Beijing,Beijing,China,µg/m³,pm25,2023-01-20,0.16639269863440848
2023-01-20 20:00:00,24.33432729439979,East,Beijing,Beijing,China,µg/m³,pm25,2023-01-20,0.32217112109678625
2023-01-20 21:00:00,29.815360486726995,North,Beijing,Beijing,China,µg/m³,pm25,2023-01-20,0.36371611259444675
2023-01-20 22:00:00,49.31618164176081,North,Beijing,Beijing,China,µg/m³,pm25,2023-01-20,0.69710585684037
2023-01-20 23:00:00,21.080863240422016,South,Beijing,Beijing,China,µg/m³,pm25,2023-01-20,0.31678737797594897
2023-01-21 00:00:00,33.16058418966711,North,Beijing,Beijing,China,µg/m³,pm25,2023-01-21,0.3752099623226328
2023-01-21 01:00:00,28.363849434428325,North,Beijing,Beijing,China,µg/m³,pm25,2023-01-21,0.28586147231426196
2023-01-21 02:00:00,35.80021064755476,South,Beijing,Beijing,China,µg/m³,pm25,2023-01-21,0.327679790462669
2023-01-21 03:00:00,14.572161791776631,South,Beijing,Beijing,China,µg/m³,pm25,2023-01-21,0.20589479971112748
2023-01-21 04:00:00,16.06264833628574,West,Beijing,Beijing,China,µg/m³,pm25,2023-01-21,0.17280894609864222
2023-01-21 05:00:00,14.576930319589438,North,Beijing,Beijing,China,µg/m³,pm25,2023-01-21,0.1246566177160107
2023-01-21 06:00:00,55.81738817442853,East,Beijing,Beijing,China,µg/m³,pm25,2023-01-21,0.575845237532159
2023-01-21 07:00:00,63.83058414722242,South,Beijing,Beijing,China,µg/m³,pm25,2023-01-21,0.6342284412915045
2023-01-21 08:00:00,15.496294389291766,West,Beijing,Beijing,China,µg/m³,pm25,2023-01-21,0.2893200256465459
2023-01-21 09:00:00,15.758530113325005,East,Beijing,Beijing,China,µg/m³,pm25,2023-01-21,0.2516672889807226
2023-01-21 10:00:00,39.36879772584259,North,Beijing,Beijing,China,µg/m³,pm25,2023-01-21,0.44328934519259505
2023-01-21 11:00:00,68.53594630120176,West,Beijing,Beijing,China,µg/m³,pm25,2023-01-21,0.809356669956519
2023-01-21 12:00:00,78.39539439021945,South,Beijing,Beijing,China,µg/m³,pm25,2023-01-21,0.8378223592845755
2023-01-21 13:00:00,14.911925098601731,East,Beijing,Beijing,China,µg/m³,pm25,2023-01-21,0.1560550409196041
2023-01-21 14:00:00,18.218675907660387,South,Beijing,Beijing,China,µg/m³,pm25,2023-01-21,0.30834296294008673
2023-01-21 15:00:00,30.95440741461633,North,Beijing,Beijing,China,µg/m³,pm25,2023-01-21,0.3864895763303962
2023-01-21 16:00:00,32.0521345098194,East,Beijing,Beijing,China,µg/m³,pm25,2023-01-21,0.3186590373818712
2023-01-21 17:00:00,21.727599125816543,North,Beijing,Beijing,China,µg/m³,pm25,2023-01-21,0.257759057353985
2023-01-21 18:00:00,12.5085069531187,North,Beijing,Beijing,China,µg/m³,pm25,2023-01-21,0.13130415686194916
2023-01-21 19:00:00,24.36397026638601,West,Beijing,Beijing,China,µg/m³,pm25,2023-01-21,0.2244997161156433
