date,datetime_utc,id,latitude,longitude,temperature_celsius,pressure_mb,wind_u,wind_v,NO2,CO,O3,AOD,sensor_name,building_density,road_density_km,industrial_presence,green_space_fraction,relative_humidity,wilaya,Prediction
2026-02-16,2026-02-16 00:00:00,1,27.162714,-1.528017,14.694053904215536,990.7181656901042,-0.1629231770833333,-1.845198671023051,5.256561559179887e-05,0.0291071573292494,0.1246940467715348,0.1679999999999999,Unknown,0,0.0,0,0,23.734827863848125,Adrar,29.197508
2026-02-16,2026-02-16 00:00:00,1,36.190065,2.087176,11.144737497965536,987.0702490234376,3.4193522135416665,1.2754881779352825,8.922384551163782e-05,0.0247364566630992,0.1431133610366882,0.1679999999999999,Unknown,29,161.40216716607935,0,0,78.98761572421687,Ain-Defla,7.614866
2026-02-16,2026-02-16 00:00:00,1,35.495151,-1.253336,-10272.15,-99.99,1.6282145182291663,-0.2848552465438843,5.673316919689861e-05,0.0260272409521746,0.1392241724466447,1.8595,Unknown,0,0.0,0,0,100.0,Ain-Temouchent,30.944422
2026-02-16,2026-02-16 00:00:00,1,36.776493,3.07038,-10272.15,-99.99,,,0.0001231731733833,0.0332361781230115,0.1447605976875919,,Unknown,5088,326.22079496512896,5,1234,100.0,Alger,36.77701
2026-02-16,2026-02-16 00:00:00,1,37.023449,7.48249,-10272.15,-99.99,,,6.518032598762891e-05,0.0353175285984453,0.1526693200342447,,Unknown,0,0.0,0,0,100.0,Annaba,30.769703
2026-02-16,2026-02-16 00:00:00,1,35.337452,6.014056,6.2484972635905365,873.2914990234375,0.62939453125,-0.6031128962834676,7.147210285714729e-05,0.024455442210739,0.1434431696344953,,Unknown,0,29.78213340408536,0,1,63.64598525788472,Batna,41.36202
2026-02-16,2026-02-16 00:00:00,1,31.73137,-2.221694,15.22001419067385,930.5660823567708,0.4365234375,-3.4840129613876343,4.7503912656673857e-05,0.0217935225970211,0.1311809545819653,0.0655,Unknown,0,50.72512901754831,0,0,20.49748290334708,Bechar,48.35167
2026-02-16,2026-02-16 00:00:00,1,36.828824,4.971619,-10272.15,-99.99,,,9.315328083770442e-05,0.0254331060662701,0.14775870524723,,Unknown,793,47.26323025959142,1,0,100.0,Bejaia,29.194502
2026-02-16,2026-02-16 00:00:00,1,34.919188,6.006627,9.641807810465536,930.0248323567708,1.0072428385416667,-2.1786133845647178,6.384265365547887e-05,0.0274373893516734,0.1448583134638822,0.188,Unknown,0,13.97681547413892,0,0,59.89317320330972,Biskra,10.017242
2026-02-16,2026-02-16 00:00:00,1,36.483479,2.915771,11.92875442504885,969.7452490234376,3.8019612630208335,1.2663532495498655,8.204974484673808e-05,0.0275048913212982,0.1437414753264209,,Unknown,323,117.60073005272612,0,0,69.95485630791157,Blida,32.316616
2026-02-16,2026-02-16 00:00:00,1,21.062749,1.122899,17.18729934692385,972.7269156901042,-4.356770833333333,-4.873315533002217,4.750281994280004e-05,,0.1199732043764987,0.1635,Unknown,0,58.313286240020695,0,0,15.760967284820182,Bordj Baji Mokhtar,427.50824
2026-02-16,2026-02-16 00:00:00,1,36.072944,4.66996,7.1410753885905365,910.9756656901042,1.8336588541666667,-0.1811565160751342,9.811463025580836e-05,0.0282723472858369,0.1444026576710375,,Unknown,917,90.58000708126627,1,0,72.75512397539782,Bordj Bou Arrer,45.77305
2026-02-16,2026-02-16 00:00:00,1,36.256023,3.785109,9.676882680257163,953.6414990234376,2.389119466145833,-0.4920696020126343,7.981291587149763e-05,0.0220413134680372,0.1428361887204021,0.203,Unknown,131,55.480204753679374,0,0,70.99363660332509,Bouira,11.29661
2026-02-16,2026-02-16 00:00:00,1,36.860151,3.769201,14.300499216715536,1006.1227490234374,8.856038411458334,2.193416237831116,7.055070352232844e-05,0.0308171271201489,0.1449769094918074,,Unknown,126,79.95551574629822,0,0,71.19847135588928,Boumerdes,9.978252
2026-02-16,2026-02-16 00:00:00,1,29.202518,-3.068819,15.329063669840536,965.9573323567708,1.8543701171875,-1.600325624148051,5.2122036956688645e-05,0.0247950342917948,0.1262074488305221,0.103,Unknown,0,0.0,0,0,18.25774503045574,Béni Abbès,46.67616
2026-02-16,2026-02-16 00:00:00,1,36.505958,1.401213,-10272.15,-99.99,,,8.562951281583715e-05,,0.1417771502983452,,Unknown,299,41.49932221430206,0,0,100.0,Chlef,571.71313
2026-02-16,2026-02-16 00:00:00,1,36.337315,6.676904,8.559451039632165,934.0981656901042,2.5888671875,0.2449705998102823,8.175564554230961e-05,0.0254660935968114,0.1459963261355081,,Unknown,2622,142.20567293689837,0,1,71.07117971940012,Constantine,46.509033
2026-02-16,2026-02-16 00:00:00,1,24.432546,8.811641,10.85355911254885,906.8314990234376,-1.2261149088541667,-4.114506125450134,4.745643092061745e-05,0.0242571064092319,0.1276532725830934,0.032,Unknown,0,0.0,0,0,27.582168740597947,Djanet,51.56463
2026-02-16,2026-02-16 00:00:00,1,34.784811,3.313203,7.1044542948405365,891.8885823567708,3.7860107421875,-2.040124615033468,5.394598499336904e-05,0.0229390023329959,0.1363703497088586,,Unknown,0,29.16170422038599,0,0,77.08849116979455,Djelfa,36.114426
2026-02-16,2026-02-16 00:00:00,1,33.440229,0.797451,7.395958201090536,876.2114990234375,3.826171875,-4.584944764773051,5.439594007901003e-05,0.0210140197966078,0.1341314507441172,0.089,Unknown,0,12.914845227066348,0,0,56.70058497501894,El Bayadh,11.91177
2026-02-16,2026-02-16 00:00:00,1,33.929812,5.68569,15.936973826090536,1012.3439990234376,4.361775716145833,-3.390242616335551,5.137620880073153e-05,0.0269715057796527,0.1441928437935746,0.163,Unknown,0,36.19440970841093,0,0,43.49252431230627,El M'Ghair,6.759194
2026-02-16,2026-02-16 00:00:00,1,30.796481,2.971874,13.222130076090536,970.9469156901042,3.3128662109375,-2.5292400121688843,5.204234408202496e-05,0.0259357799392324,0.1328393969472733,0.061,Unknown,0,0.0,0,0,34.45846367487593,El Menia,19.925892
2026-02-16,2026-02-16 00:00:00,1,33.712039,7.147824,14.37943801879885,1018.5573323567708,4.590901692708333,-0.8388713598251343,6.050715833364747e-05,0.0279336676618702,0.1455542095873485,0.127,Unknown,0,0.0,0,0,45.93421788092523,El Oued,9.151392
2026-02-16,2026-02-16 00:00:00,1,36.894512,8.410657,14.170046742757163,1009.8019156901042,8.699747721354166,0.1604572534561157,6.92888663567685e-05,0.0276975610211458,0.1526988124791327,,Unknown,2273,110.20751948029256,1,0,70.48505965229673,El-Tarf,18.815796
2026-02-16,2026-02-16 00:00:00,1,32.768224,3.680589,13.871462758382163,953.8098323567708,3.5260009765625,-3.901920676231384,5.881754973682799e-05,0.0256587339681591,0.13918626064346,0.0765,Unknown,0,0.0,0,0,41.59107254955748,Ghardaia,6.5879993
2026-02-16,2026-02-16 00:00:00,1,36.383383,7.405127,10.41190872192385,958.1398323567709,2.790486653645833,-0.1751343806584676,6.567691667743615e-05,0.0301190534437579,0.1494616761318174,0.075,Unknown,0,80.68093501602645,0,0,67.17236547993359,Guelma,9.200703
2026-02-16,2026-02-16 00:00:00,1,27.060146,7.995439,12.038943227132163,969.2923323567708,3.04248046875,-0.7546021540959676,5.003163086795196e-05,0.0271426123113482,0.1360374087778214,0.1835,Unknown,0,0.0,0,0,33.84852885831921,Illizi,21.399525
2026-02-16,2026-02-16 00:00:00,1,19.975906,3.413066,16.71073684692385,952.2460823567708,-4.049072265625,-4.217431743939717,4.815092047043137e-05,0.0312338233484941,0.1198513036719655,0.2395,Unknown,0,0.0,0,0,12.230842611621092,In Guezzam,38.571762
2026-02-16,2026-02-16 00:00:00,1,26.785714,2.810239,15.149376169840536,993.4569156901042,-0.9635416666666666,-1.997481385866801,4.909363478905108e-05,0.0286932431772623,0.1292574603111374,0.138,Unknown,0,0.0,0,0,28.02262420731792,In Salah,15.496925
2026-02-16,2026-02-16 00:00:00,1,36.801588,5.735073,-10272.15,-99.99,,,9.052608874698396e-05,0.0323706605061497,0.1475182542597036,0.12,Unknown,4446,237.2973296079448,3,0,100.0,Jijel,18.71669
2026-02-16,2026-02-16 00:00:00,1,35.118442,6.951571,7.619509633382165,908.6952490234376,1.148681640625,-0.7159058650334676,5.981475602342845e-05,0.0254780911679897,0.1461599609463712,0.206,Unknown,0,17.71461226957122,0,0,61.525484095425945,Khenchela,10.343691
2026-02-16,2026-02-16 00:00:00,1,33.764999,2.453376,10.637820180257163,917.2414990234377,4.477213541666667,-5.095605572064717,4.651232331495487e-05,0.0221347737349849,0.1377733154703373,0.056,Unknown,0,0.0,0,0,52.73598607693869,Laghouat,14.710424
2026-02-16,2026-02-16 00:00:00,1,35.410318,4.341261,11.303835805257163,966.5331656901042,6.578938802083333,-2.0498292048772178,6.081004785724889e-05,0.0262210804871557,0.1432186213859894,0.365,Unknown,2,53.68603274464468,0,0,67.85861821588617,M'Sila,17.6532039642334
2026-02-16,2026-02-16 00:00:00,1,35.398947,0.14997,11.66166458129885,966.0756656901042,3.297607421875,0.6104898055394491,6.548160586403905e-05,0.0259454402553897,0.1375759862716098,0.1025,Unknown,504,394.028434245365,2,0,72.25190082769709,Mascara,19.977066040039062
2026-02-16,2026-02-16 00:00:00,1,36.093798,2.975028,8.482546742757165,923.6239990234376,3.4229736328125,-0.6832724014918009,8.234887232008036e-05,0.0268183432599074,0.1425467827189024,0.2153260869565217,Unknown,7,250.6288621984888,0,0,79.78557897411872,Medea,6.244560718536377
2026-02-16,2026-02-16 00:00:00,1,36.32801,6.15842,8.614464060465536,943.8181656901044,2.094319661458333,0.063614805539449,5.22765227479305e-05,0.0279974235008821,0.1458653543650109,,Unknown,0,3.2719036049322145,0,2,72.47684191387661,Mila,38.39797592163086
2026-02-16,2026-02-16 00:00:00,1,36.019815,0.276988,13.86234817504885,1010.9689990234376,6.298909505208333,3.013565977414449,6.270786417247556e-05,0.0291303117852929,0.1415897938136109,,Unknown,1,99.20899123015217,0,0,81.61242721793111,Mostaganem,16.882667541503906
2026-02-16,2026-02-16 00:00:00,1,33.36955,-0.974951,8.609092966715536,897.0360823567707,4.189046223958333,-2.289025982220968,4.953325985219188e-05,0.0241238683558834,0.1346428423473483,0.145,Unknown,0,145.75578854948367,0,0,50.78712508857753,Naama,19.59064483642578
2026-02-16,2026-02-16 00:00:00,1,35.770722,-0.701382,-10272.15,-99.99,2.6403167416351003,-1.3967407026676215,5.797554963941533e-05,0.023261228563731,0.1397454324119548,0.079,Unknown,0,0.0,0,0,100.0,Oran,9.63979148864746
2026-02-16,2026-02-16 00:00:00,1,31.537536,5.4803,14.739626820882163,1004.9335823567708,3.7657877604166665,-0.9100993871688844,5.348096109964754e-05,0.0264685328277188,0.1389879519527949,0.086,Unknown,0,0.0,0,0,33.821927419892525,Ouargla,23.51679801940918
2026-02-16,2026-02-16 00:00:00,1,34.29179,4.623223,14.242312367757163,981.5831656901042,3.5427652994791665,-2.6584514379501343,5.2877296130408446e-05,0.0262926977690808,0.1433505905832874,,Unknown,0,0.0,0,0,47.48127009014812,Ouled Djellal,33.56298828125
2026-02-16,2026-02-16 00:00:00,1,35.867292,7.094613,8.664431508382165,913.6977490234376,2.924072265625,-0.8461548884709676,9.771740356522266e-05,0.0245367967228274,0.1482126793758564,0.11,Unknown,7185,287.20237602865194,0,1007,65.45780952701224,Oum El Bouaghi,7.930261135101318
2026-02-16,2026-02-16 00:00:00,1,35.836023,0.80322,12.267702992757163,997.9544156901044,3.5173746744791665,1.5327106714248655,7.723151655501065e-05,0.0317102670511444,0.1379926850147169,0.09,Unknown,0,31.37778233871611,0,0,79.5476174100471,Relizane,-0.2458134293556213
2026-02-16,2026-02-16 00:00:00,1,34.825528,0.11208,9.36747512817385,924.6485823567708,2.980428059895833,-0.9604330460230508,5.4344691144025325e-05,0.0241048479950591,0.1369631013254224,0.0615,Unknown,78,37.36311284325856,0,0,67.00874570013534,Saida,7.374699115753174
2026-02-16,2026-02-16 00:00:00,1,36.214321,5.342691,7.268028513590536,894.4056656901042,2.3429361979166665,-0.3618205785751343,7.429398572858021e-05,0.0218337672251916,0.1453422527284589,,Unknown,69,94.92877046132988,0,24,69.53788342099821,Setif,42.6347541809082
2026-02-16,2026-02-16 00:00:00,1,34.905146,-0.498005,10.874148305257163,943.4764990234376,3.6426595052083335,-0.3685954809188843,6.012051614181807e-05,0.0232299497893919,0.1361850079826831,0.035,Unknown,0,80.91641306825035,0,0,63.39787611160308,Sidi Bel Abbes,15.679351806640623
2026-02-16,2026-02-16 00:00:00,1,37.00718,6.955115,-10272.15,-99.99,,,7.331783403658572e-05,0.0304225791250124,0.1523734838712816,,Unknown,0,0.0,0,0,100.0,Skikda,30.781810760498047
2026-02-16,2026-02-16 00:00:00,1,36.172185,7.936304,9.560997263590536,933.2164990234374,3.3330485026041665,-1.276839296023051,9.030468334159728e-05,0.024367404579175,0.1493147689563151,0.114,Unknown,84,11.837059542159077,0,0,65.98595824736405,Souk-Ahras,6.0126166343688965
2026-02-16,2026-02-16 00:00:00,1,24.562964,5.797249,10.64530715942385,911.4502490234376,-1.2786865234375,-1.402754823366801,4.373081454294495e-05,0.0251416145357685,0.1268183542899784,0.1035,Unknown,0,8.637162891241358,0,0,26.85800794904792,Tamanrasset,40.37884140014648
2026-02-16,2026-02-16 00:00:00,1,35.284651,7.968733,7.1693957010905365,882.9952490234375,2.6597900390625,-1.5513957738876345,6.119777730268691e-05,0.0249315374618158,0.1474287144252412,0.091,Unknown,0,0.0,0,0,61.7620230279705,Tebessa,9.39210319519043
2026-02-16,2026-02-16 00:00:00,1,35.230219,1.369187,8.361534372965536,909.5977490234376,4.002278645833333,-0.2511841853459676,5.5103718319412006e-05,0.0228315497548272,0.1378722148160019,0.124,Unknown,0,0.0,1,0,77.61075756658097,Tiaret,8.015015602111816
2026-02-16,2026-02-16 00:00:00,1,29.363225,0.85583,13.117068227132163,986.0748323567708,1.8170572916666667,-0.6745647192001343,5.40745066159115e-05,0.027447510313267,0.1274736563024391,0.123,Unknown,0,40.52030647933824,0,0,28.797686131745376,Timimoun,23.83272171020508
2026-02-16,2026-02-16 00:00:00,1,28.630484,-5.85941,16.17680130004885,969.1473323567708,2.4745279947916665,0.0766966740290324,5.32583957877789e-05,0.02755586555129,0.1247092916150967,0.086,Unknown,0,0.0,0,0,15.89104416438682,Tindouf,33.102352142333984
2026-02-16,2026-02-16 00:00:00,1,36.617901,2.362264,-10272.15,-99.99,2.6701023176411725,-1.215788726854806,8.74367449081939e-05,0.0264782956957707,0.1443839943922763,0.1734007050528789,Unknown,40,68.19300156703282,0,0,100.0,Tipaza,5.146589756011963
2026-02-16,2026-02-16 00:00:00,1,35.785079,1.740693,8.356081899007165,922.4514990234376,3.2009684244791665,0.1016803979873657,7.378304321340061e-05,,0.1400176629567187,,Unknown,0,51.66132788513486,0,0,84.01648201288188,Tissemsilt,499.9623107910156
2026-02-16,2026-02-16 00:00:00,1,36.846413,4.185159,13.311729685465536,985.1135823567708,8.8524169921875,2.458634336789449,7.417744570127426e-05,0.0289617642757331,0.1455061369217378,,Unknown,1529,90.02445506025538,0,0,69.0213534769689,Tizi Ouzou,39.82317352294922
2026-02-16,2026-02-16 00:00:00,1,35.133107,-1.790002,-10272.15,-99.99,,,5.674971939858474e-05,0.0272974221353916,0.1378731690542129,0.149,Unknown,382,28.147990623671948,1,0,100.0,Tlemcen,10.952341079711914
2026-02-16,2026-02-16 00:00:00,1,33.328858,6.241941,14.951866404215536,1011.1510823567708,4.162679036458333,-1.805708924929301,5.859852801218514e-05,0.0281798551260788,0.1439005909453912,0.16,Unknown,0,0.0,0,0,41.70434787140463,Touggourt,4.496496200561523
2026-05-03,2026-05-03 00:00:00,1,27.162714,-1.528017,29.8304267883301,974.4215592447918,-4.382057825724284,3.294217189153036,5.331810276944787e-05,0.0287559063473773,0.1397823868645951,0.239,Unknown,0,0.0,0,0,17.535624798386916,Adrar,27.85053825378418
2026-05-03,2026-05-03 00:00:00,1,36.190065,2.087176,21.4039131164551,977.8253092447916,-0.5529562632242838,1.600410223007202,6.790794099871299e-05,0.026992896667875,0.1544359741365236,,Unknown,29,161.40216716607935,0,0,64.68421257904228,Ain-Defla,29.858747482299805
2026-05-03,2026-05-03 00:00:00,1,35.495151,-1.253336,-10272.15,-99.99,,,7.097180982016528e-05,0.0328459407795323,0.1540856062486656,,Unknown,0,0.0,0,0,100.0,Ain-Temouchent,36.00265121459961
2026-05-03,2026-05-03 00:00:00,1,36.776493,3.07038,-10272.15,-99.99,,,0.0001481841107542,0.0366367663036825,0.1531935387784821,,Unknown,5088,326.22079496512896,5,1234,100.0,Alger,36.77701187133789
2026-05-03,2026-05-03 00:00:00,1,37.023449,7.48249,-10272.15,-99.99,,,7.821004192981701e-05,0.0339061776212706,0.1546418625441914,,Unknown,0,0.0,0,0,100.0,Annaba,30.769702911376957
2026-05-03,2026-05-03 00:00:00,1,35.337452,6.014056,13.323428090413415,873.9053092447917,0.9854958852132162,1.606432358423869,5.907210597760228e-05,0.0266165189542292,0.1461346639406937,0.097,Unknown,0,29.78213340408536,0,1,64.14563674355144,Batna,11.50218391418457
2026-05-03,2026-05-03 00:00:00,1,31.73137,-2.221694,24.1036201477051,919.1432259114584,-5.188413619995117,4.635200262069702,5.972160822278105e-05,0.0276776260706841,0.1487812862167583,0.325,Unknown,0,50.72512901754831,0,0,27.006061741047844,Bechar,36.67941665649414
2026-05-03,2026-05-03 00:00:00,1,36.828824,4.971619,-10272.15,-99.99,,,8.204485540839351e-05,,0.1494053532263721,,Unknown,793,47.26323025959142,1,0,100.0,Bejaia,579.6337890625
2026-05-03,2026-05-03 00:00:00,1,34.919188,6.006627,16.464297231038415,930.8732259114582,-0.5601177215576172,1.404528061548869,6.249464390726768e-05,0.0317072482581428,0.1463589344877609,0.218,Unknown,0,13.97681547413892,0,0,54.70132866477124,Biskra,12.37057113647461
2026-05-03,2026-05-03 00:00:00,1,36.483479,2.915771,20.047630564371783,963.098642578125,-0.1210714975992838,2.159980535507202,9.039702175395608e-05,,0.1524394680867852,,Unknown,323,117.60073005272612,0,0,64.34313327613899,Blida,478.16455078125
2026-05-03,2026-05-03 00:00:00,1,21.062749,1.122899,32.44680048624679,961.1665592447918,-0.2350037892659505,-3.2265347639719644,4.648595402164355e-05,0.0255231030337841,0.1239990920817708,0.018,Unknown,0,58.313286240020695,0,0,8.626857413522263,Bordj Baji Mokhtar,22.147443771362305
2026-05-03,2026-05-03 00:00:00,1,36.072944,4.66996,15.755882517496786,909.3040592447916,0.2951475779215495,2.8008903662363687,6.657352214374541e-05,0.0297002807714627,0.1498138633037407,,Unknown,917,90.58000708126627,1,0,59.30010204011775,Bordj Bou Arrer,42.070438385009766
2026-05-03,2026-05-03 00:00:00,1,36.256023,3.785109,18.3121162414551,949.2228092447916,-1.155373255411784,3.130154689153036,8.072816641331919e-05,,0.1486332195042479,,Unknown,131,55.480204753679374,0,0,59.43498252287387,Bouira,495.4707336425781
2026-05-03,2026-05-03 00:00:00,1,36.860151,3.769201,20.37543004353841,999.3190592447916,-1.5654481252034504,3.567817449569702,0.0001204236986763,,0.1530497826845889,,Unknown,126,79.95551574629822,0,0,65.22543588953096,Boumerdes,540.6556396484375
2026-05-03,2026-05-03 00:00:00,1,29.202518,-3.068819,27.697044626871783,950.8957259114584,-4.505674362182617,4.267076889673869,5.42042212869164e-05,0.0319588443123029,0.1424770629527691,0.263,Unknown,0,0.0,0,0,21.229197456868597,Béni Abbès,36.20627975463867
2026-05-03,2026-05-03 00:00:00,1,36.505958,1.401213,-10272.15,-99.99,,,7.787513622627886e-05,,0.1546307407320558,0.545,Unknown,299,41.49932221430206,0,0,100.0,Chlef,581.1575927734375
2026-05-03,2026-05-03 00:00:00,1,36.337315,6.676904,16.6548896789551,932.9832259114582,0.3928445180257161,0.8071566422780355,8.761162294450864e-05,0.0278751754056221,0.1483438946156599,0.091,Unknown,2622,142.20567293689837,0,1,66.2060742847602,Constantine,8.136297225952148
2026-05-03,2026-05-03 00:00:00,1,24.432546,8.811641,25.62225621541341,899.431142578125,-2.2496522267659507,0.8087842464447021,4.946592256649186e-05,0.0256672870089352,0.131593352841324,0.136,Unknown,0,0.0,0,0,25.38594474996185,Djanet,20.78956794738769
2026-05-03,2026-05-03 00:00:00,1,34.784811,3.313203,15.8846260070801,888.5878092447917,-0.6592388153076172,3.825345118840536,6.356771093060109e-05,0.0287749297509989,0.146527528130903,0.262,Unknown,0,29.16170422038599,0,0,49.300540163902006,Djelfa,16.51910972595215
2026-05-03,2026-05-03 00:00:00,1,33.440229,0.797451,17.414085642496786,870.1403092447918,-1.9790223439534504,6.108344793319702,5.757926873171228e-05,0.0270031949864425,0.146396114063611,0.2055,Unknown,0,12.914845227066348,0,0,41.22041882293839,El Bayadh,14.704893112182615
2026-05-03,2026-05-03 00:00:00,1,33.929812,5.68569,20.50043004353841,1010.318642578125,-2.877256393432617,1.427924871444702,6.646985904105907e-05,0.0307494317416053,0.1466951411344334,0.144,Unknown,0,36.19440970841093,0,0,43.73977360530271,El M'Ghair,8.944110870361328
2026-05-03,2026-05-03 00:00:00,1,30.796481,2.971874,22.3653388977051,963.3090592447916,-6.18287976582845,0.4174675146738688,6.430000506145018e-05,0.0300248047136691,0.1454908725569136,0.028,Unknown,0,0.0,0,0,31.50287266761063,El Menia,45.95952224731445
2026-05-03,2026-05-03 00:00:00,1,33.712039,7.147824,20.324730173746783,1017.497392578125,-3.4321473439534507,1.0913363297780354,6.596637705031249e-05,0.0279603744136295,0.1472303056186725,0.087,Unknown,0,0.0,0,0,43.68011278353971,El Oued,10.97014617919922
2026-05-03,2026-05-03 00:00:00,1,36.894512,8.410657,18.22381871541341,1009.2953092447916,-1.1823914845784504,1.775459051132202,7.686035961020536e-05,0.0325527164051291,0.1542732662377563,0.134,Unknown,2273,110.20751948029256,1,0,71.26734316014411,El-Tarf,-0.6649150252342224
2026-05-03,2026-05-03 00:00:00,1,32.768224,3.680589,19.88861363728841,949.688642578125,-4.017433802286784,2.357327540715536,6.377357823329378e-05,0.0292778020603965,0.1450443152463608,0.077,Unknown,0,0.0,0,0,31.296522651251724,Ghardaia,38.7694206237793
2026-05-03,2026-05-03 00:00:00,1,36.383383,7.405127,17.374453481038415,957.1569759114584,0.1413796742757161,0.5888949235280355,7.036119540028047e-05,0.0326776874374601,0.1501403802042333,0.089,Unknown,0,80.68093501602645,0,0,67.40334383378448,Guelma,8.877887725830078
2026-05-03,2026-05-03 00:00:00,1,27.060146,7.995439,25.106956736246783,959.6407259114584,-8.094216028849283,0.5417757829030355,6.422029414043814e-05,0.0291560972850742,0.1386268822231728,0.1694999999999999,Unknown,0,0.0,0,0,30.45761044579137,Illizi,21.391456604003903
2026-05-03,2026-05-03 00:00:00,1,19.975906,3.413066,33.8506904602051,942.201142578125,0.5300108591715494,-4.461072524388631,4.3612433226119504e-05,0.0292410217394832,0.1235244135479482,0.0805,Unknown,0,0.0,0,0,8.362668784516229,In Guezzam,28.73036766052246
2026-05-03,2026-05-03 00:00:00,1,26.785714,2.810239,30.0269599914551,979.3690592447916,-5.176084518432617,-3.5987678368886318,5.0480658813118606e-05,0.0295634635193284,0.1367811939519145,0.1105,Unknown,0,0.0,0,0,21.37386960059201,In Salah,41.21664047241211
2026-05-03,2026-05-03 00:00:00,1,36.801588,5.735073,-10272.15,-99.99,,,7.406396570216606e-05,,0.151317268483458,,Unknown,4446,237.2973296079448,3,0,100.0,Jijel,592.6719360351562
2026-05-03,2026-05-03 00:00:00,1,35.118442,6.951571,14.675967152913415,908.9607259114584,0.7315896352132162,1.844347397486369,6.952517780075429e-05,0.030543713081849,0.1483532655375379,0.08,Unknown,0,17.71461226957122,0,0,66.79023835234797,Khenchela,12.704578399658203
2026-05-03,2026-05-03 00:00:00,1,33.764999,2.453376,18.117454783121783,913.2715592447915,-1.085426966349284,3.8743766943613687,6.391726073223235e-05,0.0315095146869748,0.1469958167473024,0.092,Unknown,0,0.0,0,0,40.70166832008125,Laghouat,20.405874252319336
2026-05-03,2026-05-03 00:00:00,1,35.410318,4.341261,19.56708043416341,963.4119759114584,-4.545957565307617,3.216214259465536,6.647479594047972e-05,0.03252747252587,0.1490784918982617,,Unknown,2,53.68603274464468,0,0,47.35996784749253,M'Sila,28.369203567504883
2026-05-03,2026-05-03 00:00:00,1,35.398947,0.14997,20.26361363728841,954.7590592447916,0.6859760284423828,-0.2959113915761311,7.690877474514167e-05,0.0323113556206785,0.1525136914213427,0.934,Unknown,504,394.028434245365,2,0,70.08125360739322,Mascara,46.00680923461914
2026-05-03,2026-05-03 00:00:00,1,36.093798,2.975028,18.1490303039551,918.9269759114584,-0.4287293752034505,2.832832098007202,5.89047833443893e-05,,0.1500877383550664,,Unknown,7,250.6288621984888,0,0,57.85599626796908,Medea,486.6038208007813
2026-05-03,2026-05-03 00:00:00,1,36.32801,6.15842,17.491640981038415,942.1115592447916,0.5174376169840494,1.167548894882202,8.04045849822593e-05,,0.1478194710751912,0.2465,Unknown,0,3.2719036049322145,0,2,63.01850923313083,Mila,448.9749145507813
2026-05-03,2026-05-03 00:00:00,1,36.019815,0.276988,19.0474678039551,999.349892578125,0.5560525258382162,-0.6103645165761312,7.685090803951798e-05,0.0337542787405214,0.1559862288767686,0.6930000000000001,Unknown,1,99.20899123015217,0,0,88.083176851376,Mostaganem,5.870583534240723
2026-05-03,2026-05-03 00:00:00,1,33.36955,-0.974951,21.056419626871783,886.681142578125,-1.0421326955159504,7.446601629257202,6.065481196703643e-05,0.0262517091459017,0.1487782878437845,0.6094999999999999,Unknown,0,145.75578854948367,0,0,32.98097536496222,Naama,41.99088287353516
2026-05-03,2026-05-03 00:00:00,1,35.770722,-0.701382,-10272.15,-99.99,,,8.887379668626243e-05,0.0256306923063529,0.1538425412804641,,Unknown,0,0.0,0,0,100.0,Oran,42.78328323364258
2026-05-03,2026-05-03 00:00:00,1,31.537536,5.4803,22.6893135070801,999.5503092447916,-4.695493698120117,0.0150423844655354,7.206475680165258e-05,0.0317214750272051,0.1460182714656195,0.071,Unknown,0,0.0,0,0,32.578149901086505,Ouargla,25.58438873291016
2026-05-03,2026-05-03 00:00:00,1,34.29179,4.623223,18.2625556945801,979.473642578125,-2.150571823120117,1.8877230485280356,6.602924449309954e-05,0.02751359092466,0.148407285219797,0.122,Unknown,0,0.0,0,0,55.82143523303209,Ouled Djellal,13.998292922973633
2026-05-03,2026-05-03 00:00:00,1,35.867292,7.094613,16.6126533508301,913.4207259114582,0.1433734893798828,0.3385287125905354,6.786928418732818e-05,0.0289856662547794,0.1478662769880956,0.107,Unknown,7185,287.20237602865194,0,1007,63.79919353799951,Oum El Bouaghi,7.948260307312012
2026-05-03,2026-05-03 00:00:00,1,35.836023,0.80322,21.6749092102051,986.1278092447916,0.4913552602132161,0.1916374365488688,7.073119070472562e-05,0.0282570311332775,0.1532189030920844,,Unknown,0,31.37778233871611,0,0,64.65748663254118,Relizane,41.9510383605957
2026-05-03,2026-05-03 00:00:00,1,34.825528,0.11208,19.88104527791341,914.5615592447916,0.7121397654215494,1.9526644547780356,6.21851379821227e-05,0.0294806741643452,0.1497586062985038,0.987,Unknown,78,37.36311284325856,0,0,54.67155975729302,Saida,31.440279006958008
2026-05-03,2026-05-03 00:00:00,1,36.214321,5.342691,15.7591377258301,893.6353092447918,0.7482725779215494,2.5129264990488687,7.841666238687136e-05,,0.1472185453091683,0.317,Unknown,69,94.92877046132988,0,24,57.84388210954207,Setif,465.1072692871094
2026-05-03,2026-05-03 00:00:00,1,34.905146,-0.498005,19.27215855916341,932.321142578125,0.5403868357340494,-0.5777310530344645,7.549846353773175e-05,0.0269087442765363,0.1510131426060116,0.785,Unknown,0,80.91641306825035,0,0,72.67060630741038,Sidi Bel Abbes,28.144927978515625
2026-05-03,2026-05-03 00:00:00,1,37.00718,6.955115,-10272.15,-99.99,,,0.000102045480723,0.0303616249566109,0.1543576062159373,,Unknown,0,0.0,0,0,100.0,Skikda,30.781810760498047
2026-05-03,2026-05-03 00:00:00,1,36.172185,7.936304,16.0428291320801,933.6303092447918,0.3436908721923828,0.1325960954030355,6.750073636348932e-05,0.0266053742489334,0.1490114930599697,0.075,Unknown,84,11.837059542159077,0,0,67.31217472242201,Souk-Ahras,6.759183883666992
2026-05-03,2026-05-03 00:00:00,1,24.562964,5.797249,27.552513376871783,901.918642578125,-0.4208761850992839,-0.2004117170969645,5.651171707800615e-05,0.0309470244987304,0.1326666291197604,0.0834999999999999,Unknown,0,8.637162891241358,0,0,16.11150413719343,Tamanrasset,45.572227478027344
2026-05-03,2026-05-03 00:00:00,1,35.284651,7.968733,12.666445668538415,884.5707259114583,0.7032693227132162,1.749336004257202,5.98643839437547e-05,0.0291934976215221,0.1474946999790575,0.056,Unknown,0,0.0,0,0,69.33471500495531,Tebessa,10.858930587768556
2026-05-03,2026-05-03 00:00:00,1,35.230219,1.369187,18.947288767496783,901.7715592447915,0.1248594919840494,2.3303093115488687,6.173481912505117e-05,0.0295496590966504,0.1486738687143095,,Unknown,0,0.0,1,0,54.77820644103891,Tiaret,23.711589813232425
2026-05-03,2026-05-03 00:00:00,1,29.363225,0.85583,27.25140660603841,973.476142578125,-7.100197474161784,0.5976839860280355,5.807270186740158e-05,0.0313560298661644,0.1449394417313359,0.121,Unknown,0,40.52030647933824,0,0,23.759718017831396,Timimoun,36.23067092895508
2026-05-03,2026-05-03 00:00:00,1,28.630484,-5.85941,26.077904001871783,952.5540592447916,1.5593077341715496,1.920030991236369,5.737502897481551e-05,0.0285771358062415,0.1441216598521191,0.079,Unknown,0,0.0,0,0,20.96490218627604,Tindouf,49.33171463012695
2026-05-03,2026-05-03 00:00:00,1,36.617901,2.362264,-10272.15,-99.99,,,7.450281099699825e-05,0.0291415042872389,0.1556684136664317,,Unknown,40,68.19300156703282,0,0,100.0,Tipaza,26.48102188110352
2026-05-03,2026-05-03 00:00:00,1,35.785079,1.740693,17.9217353820801,915.112392578125,-0.8773784637451172,2.116157293319702,6.573866024088861e-05,0.0325652022515982,0.1522541615420257,,Unknown,0,51.66132788513486,0,0,66.64932037482805,Tissemsilt,35.9706916809082
2026-05-03,2026-05-03 00:00:00,1,36.846413,4.185159,18.85638707478841,979.4515592447916,-1.5158061981201172,3.285957098007202,0.0001001828575858,,0.1495397363480345,,Unknown,1529,90.02445506025538,0,0,71.00582168394897,Tizi Ouzou,533.4623413085938
2026-05-03,2026-05-03 00:00:00,1,35.133107,-1.790002,-10272.15,-99.99,,,7.181437112997746e-05,,0.1539087589103153,,Unknown,382,28.147990623671948,1,0,100.0,Tlemcen,573.6779174804688
2026-05-03,2026-05-03 00:00:00,1,33.328858,6.241941,20.578392283121783,1008.8019759114584,-3.596128463745117,1.5158968766530354,6.627828607177836e-05,,0.1453866529636763,0.09,Unknown,0,0.0,0,0,35.55553332012661,Touggourt,504.3168640136719
2026-05-16,,1,36.776493,3.07038,-10272.15,-99.99,,,0.0001356786420687,,0.148977068233037,,Unknown,5088,326.22079496512896,5,1234,100.0,Alger,542.230712890625
2026-05-16,,1,27.162714,-1.528017,22.26224034627282,982.569862467448,,,5.294185918062337e-05,,0.1322382168180649,,Unknown,0,0.0,0,0,20.63522633111752,Adrar,629.417236328125
2026-05-16,,1,36.190065,2.087176,16.27432530721032,982.4477791341146,,,7.85658932551754e-05,,0.1487746675866059,,Unknown,29,161.40216716607935,0,0,71.83591415162957,Ain-Defla,587.6388549804688
2026-05-16,,1,35.495151,-1.253336,-10272.15,-99.99,,,6.385248950853195e-05,,0.1466548893476552,,Unknown,0,0.0,0,0,100.0,Ain-Temouchent,572.400390625
2026-05-16,,1,37.023449,7.48249,-10272.15,-99.99,,,7.169518395872297e-05,,0.153655591289218,,Unknown,0,0.0,0,0,100.0,Annaba,573.9574584960938
2026-05-16,,1,35.337452,6.014056,9.785962677001976,873.5984041341146,,,6.527210441737479e-05,,0.1447889167875944,,Unknown,0,29.78213340408536,0,1,63.89581100071808,Batna,575.54443359375
2026-05-16,,1,31.73137,-2.221694,19.66181716918948,924.8546541341144,,,5.361276043972745e-05,,0.1399811203993618,,Unknown,0,50.72512901754831,0,0,23.75177232219746,Bechar,641.3250122070312
2026-05-16,,1,36.828824,4.971619,-10272.15,-99.99,,,8.759906812304896e-05,,0.148582029236801,,Unknown,793,47.26323025959142,1,0,100.0,Bejaia,579.6337890625
2026-05-16,,1,34.919188,6.006627,13.053052520751976,930.4490291341144,,,6.316864878137327e-05,,0.1456086239758215,,Unknown,0,13.97681547413892,0,0,57.29725093404048,Biskra,586.591552734375
2026-05-16,,1,36.483479,2.915771,15.98819249471032,966.4219458007811,,,8.622338330034707e-05,,0.148090471706603,,Unknown,323,117.60073005272612,0,0,67.14899479202528,Blida,589.1436157226562
2026-05-16,,1,21.062749,1.122899,24.81704991658532,966.946737467448,,,4.69943869822218e-05,,0.1219861482291347,,Unknown,0,58.313286240020695,0,0,12.193912349171224,Bordj Baji Mokhtar,571.7162475585938
2026-05-16,,1,36.072944,4.66996,11.44847895304366,910.139862467448,,,8.234407619977689e-05,,0.1471082604873891,,Unknown,917,90.58000708126627,1,0,66.0276130077578,Bordj Bou Arrer,604.0572509765625
2026-05-16,,1,36.256023,3.785109,13.994499460856131,951.4321541341146,,,8.02705411424084e-05,,0.145734704112325,,Unknown,131,55.480204753679374,0,0,65.21430956309948,Bouira,603.3307495117188
2026-05-16,,1,36.860151,3.769201,17.337964630126976,1002.7209041341146,,,9.548720109934727e-05,,0.1490133460881981,,Unknown,126,79.95551574629822,0,0,68.21195362271013,Boumerdes,587.261962890625
2026-05-16,,1,29.202518,-3.068819,21.51305414835616,958.4265291341146,,,5.316312912180252e-05,,0.1343422558916456,,Unknown,0,0.0,0,0,19.743471243662167,Béni Abbès,621.8975830078125
2026-05-16,,1,36.505958,1.401213,-10272.15,-99.99,,,8.1752324521058e-05,,0.1482039455152005,,Unknown,299,41.49932221430206,0,0,100.0,Chlef,571.713134765625
2026-05-16,,1,36.337315,6.676904,12.607170359293631,933.5406958007812,,,8.468363424340912e-05,,0.147170110375584,,Unknown,2622,142.20567293689837,0,1,68.63862700208017,Constantine,583.1697998046875
2026-05-16,,1,24.432546,8.811641,18.237907663981133,903.1313208007812,,,4.8461176743554656e-05,,0.1296233127122087,,Unknown,0,0.0,0,0,26.4840567452799,Djanet,624.6650390625
2026-05-16,,1,34.784811,3.313203,11.49454015096032,890.2381958007813,,,5.875684796198506e-05,,0.1414489389198808,,Unknown,0,29.16170422038599,0,0,63.19451566684828,Djelfa,586.50537109375
2026-05-16,,1,33.440229,0.797451,12.40502192179366,873.1759041341146,,,5.598760440536115e-05,,0.1402637824038641,,Unknown,0,12.914845227066348,0,0,48.96050189897866,El Bayadh,584.9607543945312
2026-05-16,,1,33.929812,5.68569,18.21870193481448,1011.3313208007812,,,5.89230339208953e-05,,0.145443992464004,,Unknown,0,36.19440970841093,0,0,43.61614895880449,El M'Ghair,615.8392944335938
2026-05-16,,1,30.796481,2.971874,17.79373448689782,967.127987467448,,,5.817117457173757e-05,,0.1391651347520934,,Unknown,0,0.0,0,0,32.98066817124328,El Menia,608.0980224609375
2026-05-16,,1,33.712039,7.147824,17.35208409627282,1018.0273624674478,,,6.323676769197999e-05,,0.1463922576030105,,Unknown,0,0.0,0,0,44.80716533223247,El Oued,611.0235595703125
2026-05-16,,1,36.894512,8.410657,16.19693272908529,1009.548612467448,,,7.307461298348693e-05,,0.1534860393584445,,Unknown,2273,110.20751948029256,1,0,70.87620140622042,El-Tarf,596.6484985351562
2026-05-16,,1,32.768224,3.680589,16.88003819783529,951.749237467448,,,6.129556398506088e-05,,0.1421152879449104,,Unknown,0,0.0,0,0,36.4437976004046,Ghardaia,604.3028564453125
2026-05-16,,1,36.383383,7.405127,13.893181101481131,957.6484041341146,,,6.801905603885831e-05,,0.1498010281680253,,Unknown,0,80.68093501602645,0,0,67.28785465685903,Guelma,597.00146484375
2026-05-16,,1,27.060146,7.995439,18.57294998168948,964.4665291341146,,,5.712596250419505e-05,,0.1373321455004971,,Unknown,0,0.0,0,0,32.153069652055294,Illizi,602.9039306640625
2026-05-16,,1,19.975906,3.413066,25.28071365356448,947.223612467448,,,4.588167684827544e-05,,0.1216878586099568,,Unknown,0,0.0,0,0,10.296755698068662,In Guezzam,569.9188842773438
2026-05-16,,1,26.785714,2.810239,22.58816808064782,986.412987467448,,,4.978714680108484e-05,,0.1330193271315259,,Unknown,0,0.0,0,0,24.698246903954967,In Salah,635.0174560546875
2026-05-16,,1,36.801588,5.735073,-10272.15,-99.99,,,8.229502722457501e-05,,0.1494177613715808,,Unknown,4446,237.2973296079448,3,0,100.0,Jijel,592.6719360351562
2026-05-16,,1,35.118442,6.951571,11.14773839314779,908.827987467448,,,6.466996691209137e-05,,0.1472566132419545,,Unknown,0,17.71461226957122,0,0,64.15786122388695,Khenchela,586.591552734375
2026-05-16,,1,33.764999,2.453376,14.377637481689476,915.2565291341148,,,5.5214792023593605e-05,,0.1423845661088199,,Unknown,0,0.0,0,0,46.71882719850997,Laghouat,589.2828369140625
2026-05-16,,1,35.410318,4.341261,15.43545811971029,964.9725708007812,,,6.36424218988643e-05,,0.1461485566421256,,Unknown,2,53.68603274464468,0,0,57.60929303168935,M'Sila,592.9486694335938
2026-05-16,,1,35.398947,0.14997,15.962639109293631,960.417362467448,,,7.119519030459036e-05,,0.1450448388464762,,Unknown,504,394.028434245365,2,0,71.16657721754515,Mascara,595.7919921875
2026-05-16,,1,36.093798,2.975028,13.315788523356131,921.275487467448,,,7.062682783223483e-05,,0.1463172605369844,,Unknown,7,250.6288621984888,0,0,68.8207876210439,Medea,595.0055541992188
2026-05-16,,1,36.32801,6.15842,13.053052520751976,942.964862467448,,,6.634055386509489e-05,,0.146842412720101,,Unknown,0,3.2719036049322145,0,2,67.74767557350373,Mila,577.5946655273438
2026-05-16,,1,36.019815,0.276988,16.454907989501976,1005.1594458007812,,,6.977938610599677e-05,,0.1487880113451897,,Unknown,1,99.20899123015217,0,0,84.84780203465355,Mostaganem,563.4923706054688
2026-05-16,,1,33.36955,-0.974951,14.83275629679366,891.8586124674479,,,5.509403590961416e-05,,0.1417105650955664,,Unknown,0,145.75578854948367,0,0,41.88405022676987,Naama,604.0362548828125
2026-05-16,,1,35.770722,-0.701382,-10272.15,-99.99,,,7.342467316283887e-05,,0.1467939868462094,,Unknown,0,0.0,0,0,100.0,Oran,580.7722778320312
2026-05-16,,1,31.537536,5.4803,18.714470163981133,1002.2419458007812,,,6.277285895065006e-05,,0.1425031117092072,,Unknown,0,0.0,0,0,33.20003866048951,Ouargla,605.1668701171875
2026-05-16,,1,34.29179,4.623223,16.252434031168633,980.5284041341148,,,5.945327031175399e-05,,0.1458789379015422,,Unknown,0,0.0,0,0,51.65135266159011,Ouled Djellal,589.0015869140625
2026-05-16,,1,35.867292,7.094613,12.638542429606131,913.559237467448,,,8.279334387627541e-05,,0.148039478181976,,Unknown,7185,287.20237602865194,0,1007,64.62850153250588,Oum El Bouaghi,553.5006713867188
2026-05-16,,1,35.836023,0.80322,16.971306101481133,992.041112467448,,,7.398135362986813e-05,,0.1456057940534006,,Unknown,0,31.37778233871611,0,0,72.10255202129414,Relizane,584.0994262695312
2026-05-16,,1,34.825528,0.11208,14.624260203043631,919.6050708007812,,,5.826491456307402e-05,,0.1433608538119631,,Unknown,78,37.36311284325856,0,0,60.84015272871417,Saida,587.623046875
2026-05-16,,1,36.214321,5.342691,11.51358311971032,894.020487467448,,,7.635532405772579e-05,,0.1462803990188136,,Unknown,69,94.92877046132988,0,24,63.69088276527014,Setif,587.87744140625
2026-05-16,,1,34.905146,-0.498005,15.07315343221029,937.8988208007812,,,6.78094898397749e-05,,0.1435990752943473,,Unknown,0,80.91641306825035,0,0,68.03424120950673,Sidi Bel Abbes,592.8223266601562
2026-05-16,,1,37.00718,6.955115,-10272.15,-99.99,,,8.768165737980813e-05,,0.1533655450436094,,Unknown,0,0.0,0,0,100.0,Skikda,571.5707397460938
2026-05-16,,1,36.172185,7.936304,12.80191319783532,933.4234041341148,,,7.890270985254331e-05,,0.1491631310081424,,Unknown,84,11.837059542159077,0,0,66.64906648489304,Souk-Ahras,599.3602905273438
2026-05-16,,1,24.562964,5.797249,19.09891026814782,906.6844458007812,,,5.012126581047555e-05,,0.1297424917048694,,Unknown,0,8.637162891241358,0,0,21.48475604312068,Tamanrasset,634.0053100585938
2026-05-16,,1,35.284651,7.968733,9.917920684814476,883.7829874674479,,,6.053108062322081e-05,,0.1474617072021493,,Unknown,0,0.0,0,0,65.54836901646291,Tebessa,588.978271484375
2026-05-16,,1,35.230219,1.369187,13.65441157023116,905.6846541341148,,,5.8419268722231584e-05,,0.1432730417651557,,Unknown,0,0.0,1,0,66.19448200380994,Tiaret,588.9879760742188
2026-05-16,,1,29.363225,0.85583,20.18423741658529,979.775487467448,,,5.607360424165654e-05,,0.1362065490168875,,Unknown,0,40.52030647933824,0,0,26.278702074788384,Timimoun,635.4437255859375
2026-05-16,,1,28.630484,-5.85941,21.12735265096032,960.8506958007812,,,5.5316712381297205e-05,,0.1344154757336079,,Unknown,0,0.0,0,0,18.42797317533143,Tindouf,621.9976196289062
2026-05-16,,1,36.617901,2.362264,-10272.15,-99.99,,,8.096977795259608e-05,,0.150026204029354,,Unknown,40,68.19300156703282,0,0,100.0,Tipaza,575.4503173828125
2026-05-16,,1,35.785079,1.740693,13.138908640543631,918.7819458007812,,,6.97608517271446e-05,,0.1461359122493722,,Unknown,0,51.66132788513486,0,0,75.33290119385497,Tissemsilt,592.4282836914062
2026-05-16,,1,36.846413,4.185159,16.084058380126976,982.2825708007812,,,8.71801516435867e-05,,0.1475229366348862,,Unknown,1529,90.02445506025538,0,0,70.01358758045893,Tizi Ouzou,585.8092651367188
2026-05-16,,1,35.133107,-1.790002,-10272.15,-99.99,,,6.42820452642811e-05,,0.1458909639822641,,Unknown,382,28.147990623671948,1,0,100.0,Tlemcen,573.6779174804688
2026-05-16,,1,33.328858,6.241941,17.76512934366866,1009.9765291341146,,,6.243840704198175e-05,,0.1446436219545337,,Unknown,0,0.0,0,0,38.62994059576562,Touggourt,608.3909301757812
2026-05-17,,1,27.162714,-1.528017,22.26224034627282,982.5698624674482,,,5.294185918062336e-05,,0.1322382168180649,,Unknown,0,0.0,0,0,20.63522633111752,Adrar,629.417236328125
2026-05-17,,1,36.190065,2.087176,16.27432530721032,982.4477791341146,,,7.85658932551754e-05,,0.1487746675866059,,Unknown,29,161.40216716607935,0,0,71.83591415162957,Ain-Defla,587.6388549804688
2026-05-17,,1,35.495151,-1.253336,-10272.15,-99.99,,,6.385248950853195e-05,,0.1466548893476552,,Unknown,0,0.0,0,0,100.0,Ain-Temouchent,572.400390625
2026-05-17,,1,36.776493,3.07038,-10272.15,-99.99,,,0.0001356786420687,,0.148977068233037,,Unknown,5088,326.22079496512896,5,1234,100.0,Alger,542.230712890625
2026-05-17,,1,37.023449,7.48249,-10272.15,-99.99,,,7.169518395872297e-05,,0.153655591289218,,Unknown,0,0.0,0,0,100.0,Annaba,573.9574584960938
2026-05-17,,1,35.337452,6.014056,9.785962677001976,873.5984041341147,,,6.527210441737479e-05,,0.1447889167875944,,Unknown,0,29.78213340408536,0,1,63.89581100071808,Batna,575.54443359375
2026-05-17,,1,31.73137,-2.221694,19.66181716918948,924.8546541341144,,,5.361276043972746e-05,,0.1399811203993618,,Unknown,0,50.72512901754831,0,0,23.751772322197457,Bechar,641.3250122070312
2026-05-17,,1,36.828824,4.971619,-10272.15,-99.99,,,8.759906812304896e-05,,0.148582029236801,,Unknown,793,47.26323025959142,1,0,100.0,Bejaia,579.6337890625
2026-05-17,,1,34.919188,6.006627,13.053052520751976,930.4490291341144,,,6.316864878137327e-05,,0.1456086239758215,,Unknown,0,13.97681547413892,0,0,57.29725093404048,Biskra,586.591552734375
2026-05-17,,1,36.483479,2.915771,15.98819249471032,966.4219458007814,,,8.622338330034709e-05,,0.148090471706603,,Unknown,323,117.60073005272612,0,0,67.14899479202528,Blida,589.1436157226562
2026-05-17,,1,21.062749,1.122899,24.81704991658532,966.946737467448,,,4.6994386982221805e-05,,0.1219861482291347,,Unknown,0,58.313286240020695,0,0,12.193912349171224,Bordj Baji Mokhtar,571.7162475585938
2026-05-17,,1,36.072944,4.66996,11.44847895304366,910.139862467448,,,8.234407619977689e-05,,0.1471082604873891,,Unknown,917,90.58000708126627,1,0,66.0276130077578,Bordj Bou Arrer,604.0572509765625
2026-05-17,,1,36.256023,3.785109,13.994499460856131,951.4321541341146,,,8.02705411424084e-05,,0.145734704112325,,Unknown,131,55.480204753679374,0,0,65.21430956309948,Bouira,603.3307495117188
2026-05-17,,1,36.860151,3.769201,17.337964630126976,1002.7209041341144,,,9.548720109934727e-05,,0.1490133460881981,,Unknown,126,79.95551574629822,0,0,68.21195362271013,Boumerdes,587.261962890625
2026-05-17,,1,29.202518,-3.068819,21.51305414835616,958.4265291341148,,,5.316312912180252e-05,,0.1343422558916456,,Unknown,0,0.0,0,0,19.743471243662167,Béni Abbès,621.8975830078125
2026-05-17,,1,36.505958,1.401213,-10272.15,-99.99,,,8.1752324521058e-05,,0.1482039455152005,,Unknown,299,41.49932221430206,0,0,100.0,Chlef,571.713134765625
2026-05-17,,1,36.337315,6.676904,12.607170359293631,933.5406958007812,,,8.468363424340914e-05,,0.147170110375584,,Unknown,2622,142.20567293689837,0,1,68.63862700208017,Constantine,583.1697998046875
2026-05-17,,1,24.432546,8.811641,18.237907663981133,903.1313208007812,,,4.8461176743554656e-05,,0.1296233127122087,,Unknown,0,0.0,0,0,26.4840567452799,Djanet,624.6650390625
2026-05-17,,1,34.784811,3.313203,11.49454015096032,890.2381958007813,,,5.875684796198506e-05,,0.1414489389198808,,Unknown,0,29.16170422038599,0,0,63.19451566684828,Djelfa,586.50537109375
2026-05-17,,1,33.440229,0.797451,12.40502192179366,873.1759041341146,,,5.598760440536115e-05,,0.1402637824038641,,Unknown,0,12.914845227066348,0,0,48.96050189897866,El Bayadh,584.9607543945312
2026-05-17,,1,33.929812,5.68569,18.21870193481448,1011.3313208007812,,,5.8923033920895306e-05,,0.145443992464004,,Unknown,0,36.19440970841093,0,0,43.61614895880448,El M'Ghair,615.8392944335938
2026-05-17,,1,30.796481,2.971874,17.79373448689782,967.127987467448,,,5.817117457173756e-05,,0.1391651347520934,,Unknown,0,0.0,0,0,32.98066817124328,El Menia,608.0980224609375
2026-05-17,,1,33.712039,7.147824,17.35208409627282,1018.0273624674478,,,6.323676769197999e-05,,0.1463922576030105,,Unknown,0,0.0,0,0,44.80716533223247,El Oued,611.0235595703125
2026-05-17,,1,36.894512,8.410657,16.19693272908529,1009.548612467448,,,7.307461298348693e-05,,0.1534860393584445,,Unknown,2273,110.20751948029256,1,0,70.87620140622042,El-Tarf,596.6484985351562
2026-05-17,,1,32.768224,3.680589,16.88003819783529,951.749237467448,,,6.129556398506088e-05,,0.1421152879449104,,Unknown,0,0.0,0,0,36.4437976004046,Ghardaia,604.3028564453125
2026-05-17,,1,36.383383,7.405127,13.893181101481131,957.6484041341146,,,6.801905603885831e-05,,0.1498010281680253,,Unknown,0,80.68093501602645,0,0,67.28785465685903,Guelma,597.00146484375
2026-05-17,,1,27.060146,7.995439,18.57294998168948,964.4665291341148,,,5.712596250419505e-05,,0.1373321455004971,,Unknown,0,0.0,0,0,32.153069652055294,Illizi,602.9039306640625
2026-05-17,,1,19.975906,3.413066,25.28071365356448,947.223612467448,,,4.588167684827544e-05,,0.1216878586099568,,Unknown,0,0.0,0,0,10.296755698068662,In Guezzam,569.9188842773438
2026-05-17,,1,26.785714,2.810239,22.58816808064782,986.4129874674478,,,4.978714680108485e-05,,0.1330193271315259,,Unknown,0,0.0,0,0,24.698246903954967,In Salah,635.0174560546875
2026-05-17,,1,36.801588,5.735073,-10272.15,-99.99,,,8.229502722457501e-05,,0.1494177613715808,,Unknown,4446,237.2973296079448,3,0,100.0,Jijel,592.6719360351562
2026-05-17,,1,35.118442,6.951571,11.14773839314779,908.8279874674478,,,6.466996691209137e-05,,0.1472566132419545,,Unknown,0,17.71461226957122,0,0,64.15786122388695,Khenchela,586.591552734375
2026-05-17,,1,33.764999,2.453376,14.377637481689476,915.2565291341148,,,5.52147920235936e-05,,0.1423845661088199,,Unknown,0,0.0,0,0,46.71882719850996,Laghouat,589.2828369140625
2026-05-17,,1,35.410318,4.341261,15.43545811971029,964.9725708007812,,,6.36424218988643e-05,,0.1461485566421256,,Unknown,2,53.68603274464468,0,0,57.60929303168936,M'Sila,592.9486694335938
2026-05-17,,1,35.398947,0.14997,15.962639109293631,960.417362467448,,,7.119519030459036e-05,,0.1450448388464762,,Unknown,504,394.028434245365,2,0,71.16657721754515,Mascara,595.7919921875
2026-05-17,,1,36.093798,2.975028,13.315788523356131,921.275487467448,,,7.062682783223483e-05,,0.1463172605369844,,Unknown,7,250.6288621984888,0,0,68.8207876210439,Medea,595.0055541992188
2026-05-17,,1,36.32801,6.15842,13.053052520751976,942.964862467448,,,6.634055386509489e-05,,0.146842412720101,,Unknown,0,3.2719036049322145,0,2,67.74767557350373,Mila,577.5946655273438
2026-05-17,,1,36.019815,0.276988,16.454907989501976,1005.1594458007812,,,6.977938610599677e-05,,0.1487880113451897,,Unknown,1,99.20899123015217,0,0,84.84780203465355,Mostaganem,563.4923706054688
2026-05-17,,1,33.36955,-0.974951,14.83275629679366,891.8586124674479,,,5.509403590961417e-05,,0.1417105650955664,,Unknown,0,145.75578854948367,0,0,41.88405022676987,Naama,604.0362548828125
2026-05-17,,1,35.770722,-0.701382,-10272.15,-99.99,,,7.342467316283887e-05,,0.1467939868462094,,Unknown,0,0.0,0,0,100.0,Oran,580.7722778320312
2026-05-17,,1,31.537536,5.4803,18.714470163981133,1002.2419458007812,,,6.277285895065006e-05,,0.1425031117092072,,Unknown,0,0.0,0,0,33.20003866048951,Ouargla,605.1668701171875
2026-05-17,,1,34.29179,4.623223,16.252434031168633,980.5284041341148,,,5.945327031175399e-05,,0.1458789379015422,,Unknown,0,0.0,0,0,51.6513526615901,Ouled Djellal,589.0015869140625
2026-05-17,,1,35.867292,7.094613,12.638542429606131,913.559237467448,,,8.279334387627543e-05,,0.148039478181976,,Unknown,7185,287.20237602865194,0,1007,64.62850153250588,Oum El Bouaghi,553.5006713867188
2026-05-17,,1,35.836023,0.80322,16.971306101481133,992.041112467448,,,7.398135362986813e-05,,0.1456057940534006,,Unknown,0,31.37778233871611,0,0,72.10255202129414,Relizane,584.0994262695312
2026-05-17,,1,34.825528,0.11208,14.624260203043631,919.6050708007812,,,5.826491456307402e-05,,0.1433608538119631,,Unknown,78,37.36311284325856,0,0,60.84015272871417,Saida,587.623046875
2026-05-17,,1,36.214321,5.342691,11.51358311971032,894.0204874674479,,,7.635532405772579e-05,,0.1462803990188136,,Unknown,69,94.92877046132988,0,24,63.69088276527014,Setif,587.87744140625
2026-05-17,,1,34.905146,-0.498005,15.07315343221029,937.8988208007812,,,6.78094898397749e-05,,0.1435990752943473,,Unknown,0,80.91641306825035,0,0,68.03424120950673,Sidi Bel Abbes,592.8223266601562
2026-05-17,,1,37.00718,6.955115,-10272.15,-99.99,,,8.768165737980813e-05,,0.1533655450436094,,Unknown,0,0.0,0,0,100.0,Skikda,571.5707397460938
2026-05-17,,1,36.172185,7.936304,12.80191319783532,933.4234041341148,,,7.890270985254331e-05,,0.1491631310081424,,Unknown,84,11.837059542159077,0,0,66.64906648489304,Souk-Ahras,599.3602905273438
2026-05-17,,1,24.562964,5.797249,19.09891026814782,906.6844458007812,,,5.012126581047555e-05,,0.1297424917048694,,Unknown,0,8.637162891241358,0,0,21.484756043120672,Tamanrasset,634.0053100585938
2026-05-17,,1,35.284651,7.968733,9.917920684814476,883.7829874674479,,,6.053108062322081e-05,,0.1474617072021493,,Unknown,0,0.0,0,0,65.54836901646291,Tebessa,588.978271484375
2026-05-17,,1,35.230219,1.369187,13.65441157023116,905.6846541341148,,,5.841926872223159e-05,,0.1432730417651557,,Unknown,0,0.0,1,0,66.19448200380994,Tiaret,588.9879760742188
2026-05-17,,1,29.363225,0.85583,20.18423741658529,979.775487467448,,,5.607360424165654e-05,,0.1362065490168875,,Unknown,0,40.52030647933824,0,0,26.278702074788384,Timimoun,635.4437255859375
2026-05-17,,1,28.630484,-5.85941,21.12735265096032,960.8506958007814,,,5.5316712381297205e-05,,0.1344154757336079,,Unknown,0,0.0,0,0,18.42797317533143,Tindouf,621.9976196289062
2026-05-17,,1,36.617901,2.362264,-10272.15,-99.99,,,8.096977795259608e-05,,0.150026204029354,,Unknown,40,68.19300156703282,0,0,100.0,Tipaza,575.4503173828125
2026-05-17,,1,35.785079,1.740693,13.138908640543631,918.7819458007812,,,6.97608517271446e-05,,0.1461359122493722,,Unknown,0,51.66132788513486,0,0,75.33290119385497,Tissemsilt,592.4282836914062
2026-05-17,,1,36.846413,4.185159,16.084058380126976,982.2825708007812,,,8.71801516435867e-05,,0.1475229366348862,,Unknown,1529,90.02445506025538,0,0,70.01358758045893,Tizi Ouzou,585.8092651367188
2026-05-17,,1,35.133107,-1.790002,-10272.15,-99.99,,,6.42820452642811e-05,,0.1458909639822641,,Unknown,382,28.147990623671948,1,0,100.0,Tlemcen,573.6779174804688
2026-05-17,,1,33.328858,6.241941,17.76512934366866,1009.9765291341146,,,6.243840704198175e-05,,0.1446436219545337,,Unknown,0,0.0,0,0,38.62994059576562,Touggourt,608.3909301757812
2026-05-06,2026-05-06 00:00:00,1,27.162714,-1.528017,30.23943990071615,973.1326806640625,6.734875361124675,-1.099108139673869,5.165211473584706e-05,0.02893153183831335,0.13210565673506852,0.20349999999999996,Unknown,0,0.0,0,0,20.807645608424956,Adrar,31.097789764404297
2026-05-06,2026-05-06 00:00:00,1,36.190065,2.087176,17.47259419759115,974.1810139973958,-0.13910738627115884,-0.43948086102803546,8.875707967237433e-05,0.02980076308230132,0.1595103192613291,0.157,Unknown,29,161.40216716607935,0,0,67.89729253269377,Ain-Defla,6.184030055999756
2026-05-06,2026-05-06 00:00:00,1,35.495151,-1.253336,-10272.15,-99.99,1.6282145182291663,-0.2848552465438843,7.200825520040677e-05,0.03171165382974156,0.16030647332319617,,Unknown,0,0.0,0,0,100.0,Ain-Temouchent,30.944421768188477
2026-05-06,2026-05-06 00:00:00,1,36.776493,3.07038,-10272.15,-99.99,,,0.0001377799056108522,0.03035832692034227,0.16021734441316224,0.17500000000000002,Unknown,5088,326.22079496512896,5,1234,100.0,Alger,5.579285144805908
2026-05-06,2026-05-06 00:00:00,1,37.023449,7.48249,-10272.15,-99.99,,,5.939206970055881e-05,,0.15326467654009582,,Unknown,0,0.0,0,0,100.0,Annaba,573.9574584960938
2026-05-06,2026-05-06 00:00:00,1,35.337452,6.014056,13.657327270507835,865.9830973307293,-1.5053997039794922,-0.8729525407155355,6.606300383581767e-05,0.02703262278007888,0.14802917490077605,,Unknown,0,29.78213340408536,0,1,74.8922640996678,Batna,25.646900177001953
2026-05-06,2026-05-06 00:00:00,1,31.73137,-2.221694,23.48431294759115,912.7551806640626,0.24199612935384116,-1.1864697933197021,6.585206524062961e-05,0.025192780862875686,0.1416323592827726,,Unknown,0,50.72512901754831,0,0,32.091709836478685,Bechar,30.97031593322754
2026-05-06,2026-05-06 00:00:00,1,36.828824,4.971619,-10272.15,-99.99,,,7.048661167534272e-05,,0.15446103480050064,,Unknown,793,47.26323025959142,1,0,100.0,Bejaia,579.6337890625
2026-05-06,2026-05-06 00:00:00,1,34.919188,6.006627,21.54559224446615,919.6572639973958,-0.8303101857503256,-1.7736279964447021,6.928095395802798e-05,0.03006613385516321,0.14766979838351238,0.149,Unknown,0,13.97681547413892,0,0,38.18619226545112,Biskra,14.602518081665039
2026-05-08,2026-05-08 00:00:00,1,27.162714,-1.528017,30.624040857950888,973.1754703776043,2.7288996378580728,2.6670239766438804,5.724916822859843e-05,0.031091470306477374,0.1356692643800705,0.14600000000000002,Unknown,0,0.0,0,0,20.854319563603447,Adrar,35.76748275756836
2026-05-06,2026-05-06 00:00:00,1,36.483479,2.915771,15.820413208007835,959.2893473307292,-0.7432333628336588,-0.6879753271738688,0.0001121067689130677,0.02989622221912779,0.15635419440797882,0.19,Unknown,323,117.60073005272612,0,0,80.70456962670973,Blida,4.276966571807861
2026-05-08,2026-05-08 00:00:00,1,36.190065,2.087176,16.760759607950888,975.1888037109375,-0.6190821329752604,-0.42652257283528644,7.123541799489143e-05,0.02945364839575728,0.14935466924353605,0.123,Unknown,29,161.40216716607935,0,0,74.85115612679161,Ain-Defla,6.118279933929443
2026-05-06,2026-05-06 00:00:00,1,21.062749,1.122899,34.019143676757835,958.9168473307292,-1.5670045216878254,-2.7546664079030356,4.576182459285277e-05,0.026500802125205655,0.12138108686887636,0.048,Unknown,0,58.313286240020695,0,0,10.02874604578366,Bordj Baji Mokhtar,20.691686630249023
2026-05-08,2026-05-08 00:00:00,1,35.495151,-1.253336,-10272.15,-99.99,,,8.835532508615577e-05,0.03678662553017504,0.15675202656260911,0.224,Unknown,0,0.0,0,0,100.0,Ain-Temouchent,20.622880935668945
2026-05-06,2026-05-06 00:00:00,1,36.072944,4.66996,14.70526021321615,902.1785139973958,-0.9466838836669922,-1.3822705745697021,8.734468403182449e-05,0.02822489560924119,0.15289224133199852,,Unknown,917,90.58000708126629,1,0,83.39112499629827,Bordj Bou Arrer,31.171112060546875
2026-05-06,2026-05-06 00:00:00,1,36.256023,3.785109,15.53436177571615,943.4926806640625,-0.07485771179199219,-1.311876694361369,9.056784755714955e-05,0.028282043858400406,0.15629603556514912,0.224,Unknown,131,55.480204753679374,0,0,85.18285898056419,Bouira,11.662961959838867
2026-05-06,2026-05-06 00:00:00,1,36.860151,3.769201,16.93182271321615,996.0889306640624,-1.481636683146159,-0.7948275407155355,9.188464806145471e-05,0.031203520591121667,0.15976374873980367,0.21400000000000002,Unknown,126,79.95551574629822,0,0,85.44328310278807,Boumerdes,-7.7354512214660645
2026-05-08,2026-05-08 00:00:00,1,37.023449,7.48249,-10272.15,-99.99,,,6.574166033006918e-05,0.03099893494332155,0.14558038510808266,0.154,Unknown,0,0.0,0,0,100.0,Annaba,10.662548065185547
2026-05-06,2026-05-06 00:00:00,1,29.202518,-3.068819,29.05153299967452,947.0197639973958,7.495495478312175,4.382622003555298,5.5341269328598775e-05,0.030025024093548222,0.13582382238388285,,Unknown,0,0.0,0,0,20.742458441725073,Béni Abbès,52.92620086669922
2026-05-08,2026-05-08 00:00:00,1,35.337452,6.014056,16.437110519409202,869.0563037109375,0.7295099894205729,0.9279696146647135,6.653258762599767e-05,0.024085780200513936,0.13911624449269566,0.126,Unknown,0,29.78213340408536,0,1,52.86091524002241,Batna,10.953927993774414
2026-05-06,2026-05-06 00:00:00,1,36.505958,1.401213,-10272.15,-99.99,,,7.699138971645908e-05,0.029976196764004388,0.16437132842266206,0.5645,Unknown,299,41.49932221430206,0,0,100.0,Chlef,22.739578247070312
2026-05-08,2026-05-08 00:00:00,1,31.73137,-2.221694,24.279721196492517,913.9963037109375,-0.1534245808919271,4.851431528727214,6.353444329242424e-05,0.02903930331228713,0.14252740461324398,0.116,Unknown,0,50.72512901754831,0,0,18.04791220409433,Bechar,34.612735748291016
2026-05-07,2026-05-07 00:00:00,1,27.162714,-1.528017,29.629964447021507,972.6288671875,4.707210540771484,2.1483243306477866,5.8714509423424296e-05,,0.13937656841773904,,Unknown,0,0.0,0,0,29.657338027044077,Adrar,482.4056396484375
2026-05-08,2026-05-08 00:00:00,1,36.828824,4.971619,-10272.15,-99.99,,,7.700130451472326e-05,0.03159875031176052,0.14906634949840186,0.115,Unknown,793,47.26323025959142,1,0,100.0,Bejaia,9.180978775024414
2026-05-07,2026-05-07 00:00:00,1,36.190065,2.087176,15.712890879313193,973.7459505208333,0.4644126892089844,-0.016633351643880207,0.0001233224513374011,,0.15860173305278555,,Unknown,29,161.40216716607935,0,0,84.19430530967126,Ain-Defla,494.24188232421875
2026-05-06,2026-05-06 00:00:00,1,36.337315,6.676904,14.392678833007835,926.8351806640625,-1.0897502899169922,-0.1989616552988688,7.390070393777283e-05,0.028222107074505114,0.15078068819542015,,Unknown,2622,142.20567293689837,0,1,87.50587144242407,Constantine,34.50190734863281
2026-05-08,2026-05-08 00:00:00,1,34.919188,6.006627,21.290707524617517,924.0567203776042,0.026140848795572918,0.18749109903971353,6.467897263003056e-05,0.02632411649783554,0.13944365733726705,0.20099999999999998,Unknown,0,13.97681547413892,0,0,39.029364514059026,Biskra,17.294666290283203
2026-05-08,2026-05-08 00:00:00,1,36.483479,2.915771,15.692725753784202,960.4496370442707,-0.37660980224609375,-0.24565505981445312,7.036047957429634e-05,0.028485349053958588,0.14889485412114117,0.1535,Unknown,323,117.60073005272612,0,0,81.38843425052293,Blida,3.311727523803711
2026-05-06,2026-05-06 00:00:00,1,24.432546,8.811641,29.61745096842452,896.5468473307292,-0.6494019826253256,-1.230699936548869,5.096195926540534e-05,0.02496594186736915,0.12629837697679536,0.1535,Unknown,0,0.0,0,0,10.649425910839833,Djanet,25.693815231323242
2026-05-06,2026-05-06 00:00:00,1,34.784811,3.313203,15.982522583007835,881.2335139973958,0.7205117543538412,-1.1596957047780354,6.628600454842897e-05,0.028945344086160205,0.1484329925732001,0.088,Unknown,0,29.16170422038599,0,0,57.13386456062939,Djelfa,9.033605575561523
2026-05-08,2026-05-08 00:00:00,1,21.062749,1.122899,34.08660596211752,961.4175537109375,-3.6764551798502603,-3.757495880126953,4.764186650451282e-05,,0.1216703499499618,,Unknown,0,58.313286240020695,0,0,15.670482198547392,Bordj Baji Mokhtar,406.25628662109375
2026-05-06,2026-05-06 00:00:00,1,33.440229,0.797451,16.14471333821615,863.4739306640626,-0.019112269083658855,-3.302924871444702,5.762067290767288e-05,0.02908426896447751,0.14521356576947367,,Unknown,0,12.914845227066348,0,0,55.30765407348296,El Bayadh,22.749849319458008
2026-05-07,2026-05-07 00:00:00,1,36.776493,3.07038,-10272.15,-99.99,,,0.00013616480411038262,,0.15632635802376674,,Unknown,5088,326.22079496512896,5,1234,100.0,Alger,542.230712890625
2026-05-08,2026-05-08 00:00:00,1,36.072944,4.66996,16.417823410034202,904.3796370442708,-0.12274424235026042,0.6166496276855469,7.66034289071923e-05,0.026092104394256393,0.1450148305208629,0.17049999999999998,Unknown,917,90.58000708126629,1,0,63.64389715338192,Bordj Bou Arrer,7.775404930114746
2026-05-06,2026-05-06 00:00:00,1,33.929812,5.68569,27.37249654134115,996.1939306640625,-2.7925497690836587,-2.962959051132202,6.94254718914435e-05,,0.1455470784832413,0.11,Unknown,0,36.19440970841093,0,0,24.52649889995643,El M'Ghair,421.3749084472656
2026-05-07,2026-05-07 00:00:00,1,37.023449,7.48249,-10272.15,-99.99,,,5.6898535359068406e-05,,0.15151421020363193,,Unknown,0,0.0,0,0,100.0,Annaba,573.9574584960938
2026-05-08,2026-05-08 00:00:00,1,36.256023,3.785109,16.142432785034202,945.0333870442707,-0.46018727620442706,0.0696118672688802,6.408588038778921e-05,,0.145994752812537,0.132,Unknown,131,55.480204753679374,0,0,74.30724910991947,Bouira,426.6248779296875
2026-05-06,2026-05-06 00:00:00,1,30.796481,2.971874,27.68312479654952,953.1110139973957,4.721488316853841,0.8255337874094645,3.721852930711879e-05,,0.1349798033449441,0.11800000000000001,Unknown,0,0.0,0,0,19.68824647201177,El Menia,458.5129699707031
2026-05-07,2026-05-07 00:00:00,1,35.337452,6.014056,13.965332285563193,865.7159505208333,0.04880396525065104,1.1449877421061199,4.904988580306574e-05,,0.14690855331128724,,Unknown,0,29.78213340408536,0,1,72.90341392412371,Batna,474.8043212890625
2026-05-08,2026-05-08 00:00:00,1,36.860151,3.769201,17.017758305867517,997.3963037109374,-1.5223617553710938,-0.04114659627278646,6.485671537649601e-05,0.03342359586220853,0.15242706447497956,0.14700000000000002,Unknown,126,79.95551574629822,0,0,85.25080003027036,Boumerdes,-6.586801052093506
2026-05-07,2026-05-07 00:00:00,1,31.73137,-2.221694,22.72672551472982,912.2001171875,0.07159042358398438,-2.282909393310547,6.265560251244513e-05,0.02483813040519349,0.15162017143432452,0.19,Unknown,0,50.72512901754831,0,0,36.980883179342406,Bechar,21.753028869628906
2026-05-06,2026-05-06 00:00:00,1,33.712039,7.147824,27.298684692382835,1002.0489306640625,-6.791084925333659,-2.1928581396738687,6.348342175741078e-05,,0.14387851847057054,0.19,Unknown,0,0.0,0,0,27.25525680588032,El Oued,437.63739013671875
2026-05-08,2026-05-08 00:00:00,1,29.202518,-3.068819,26.125261561075888,948.7621370442707,4.159116109212239,3.5422681172688804,5.593595029433316e-05,0.027298573578378633,0.1393018472720118,0.14400000000000002,Unknown,0,0.0,0,0,16.012999229282695,Béni Abbès,33.68424987792969
2026-05-06,2026-05-06 00:00:00,1,36.894512,8.410657,17.07497049967452,1003.3597639973958,-0.8786093393961588,-0.05133795738220215,6.479734495859658e-05,,0.14955501203200633,,Unknown,2273,110.20751948029255,1,0,89.6033016498046,El-Tarf,473.4871520996094
2026-05-08,2026-05-08 00:00:00,1,36.505958,1.401213,-10272.15,-99.99,,,7.232742305096356e-05,0.03155547107421007,0.1571500124627387,0.156,Unknown,299,41.49932221430206,0,0,100.0,Chlef,7.115222930908203
2026-05-06,2026-05-06 00:00:00,1,32.768224,3.680589,24.943704223632835,938.2910139973958,-1.971748987833659,-3.257148504257202,7.261538321563947e-05,0.029045751663088443,0.13998737966928035,0.14300000000000002,Unknown,0,0.0,0,0,24.23431751418927,Ghardaia,21.675485610961914
2026-05-08,2026-05-08 00:00:00,1,36.337315,6.676904,16.167335128784202,929.0546370442707,-0.35488128662109375,-0.11524327596028645,8.744611328249295e-05,0.028511995262720462,0.1431809194411545,0.132,Unknown,2622,142.20567293689837,0,1,78.17648532107025,Constantine,7.261486530303955
2026-05-08,2026-05-08 00:00:00,1,24.432546,8.811641,31.080990727742517,899.0438037109375,0.1329523722330729,-1.4180183410644531,4.488073887170743e-05,,0.1242386044079035,,Unknown,0,0.0,0,0,14.1041392405433,Djanet,410.013427734375
2026-05-06,2026-05-06 00:00:00,1,36.383383,7.405127,15.09108378092452,951.2185139973958,-0.5630575815836588,-0.07339199384053548,8.00478036852869e-05,,0.1508929205213015,,Unknown,0,80.68093501602645,0,0,93.35253051064818,Guelma,477.82366943359375
2026-05-07,2026-05-07 00:00:00,1,36.828824,4.971619,-10272.15,-99.99,,,9.87423300902084e-05,,0.15543095459586953,,Unknown,793,47.26323025959142,1,0,100.0,Bejaia,579.6337890625
2026-05-08,2026-05-08 00:00:00,1,34.784811,3.313203,16.953874842325888,883.5175537109375,-0.30202484130859375,1.8099276224772136,6.909757411834461e-05,0.02822845107854345,0.14220202624770412,0.1795,Unknown,0,29.16170422038599,0,0,57.281147882685644,Djelfa,13.022653579711914
2026-05-08,2026-05-08 00:00:00,1,33.440229,0.797451,17.592709477742517,864.9471370442708,-1.0460840861002605,3.205638885498047,6.55913413693421e-05,0.023533545902687365,0.14223597870685148,0.08349999999999999,Unknown,0,12.914845227066348,0,0,42.43065055082532,El Bayadh,12.302534103393555
2026-05-07,2026-05-07 00:00:00,1,34.919188,6.006627,19.35148137410482,920.8559505208333,-1.2240231831868489,0.8082771301269531,5.1858684477922384e-05,,0.147908401337982,,Unknown,0,13.97681547413892,0,0,51.94649306537828,Biskra,482.29913330078125
2026-05-06,2026-05-06 00:00:00,1,27.060146,7.995439,31.391946411132835,953.4780973307293,2.7013467152913413,-0.05561041831970215,5.4401720874939524e-05,0.028107141440120095,0.12976511013214861,0.174,Unknown,0,0.0,0,0,13.0924152177013,Illizi,20.956161499023438
2026-05-08,2026-05-08 00:00:00,1,33.929812,5.68569,26.299984868367517,1001.5300537109375,-0.5044581095377604,-1.4306322733561199,6.330048414304516e-05,0.0300666585227514,0.13831438803963364,0.038,Unknown,0,36.19440970841093,0,0,38.49963027462504,El M'Ghair,4.268990516662598
2026-05-07,2026-05-07 00:00:00,1,36.483479,2.915771,14.468424733479821,958.3422005208333,0.38596216837565106,0.20191319783528647,8.789346361479207e-05,,0.15699053136336255,,Unknown,323,117.60073005272612,0,0,89.37485709606023,Blida,482.8851623535156
2026-05-06,2026-05-06 00:00:00,1,19.975906,3.413066,34.60662740071615,940.1205973307292,-0.10684013366699219,-2.261298894882202,4.893147565482228e-05,0.021802152622571853,0.12144781206972377,0.0595,Unknown,0,0.0,0,0,8.35398404982339,In Guezzam,19.075227737426758
2026-05-08,2026-05-08 00:00:00,1,30.796481,2.971874,28.832130050659202,956.9900537109374,2.7975845336914062,2.2974764506022134,6.387347636026314e-05,,0.13572624134327146,0.223,Unknown,0,0.0,0,0,23.834538563929637,El Menia,445.4150695800781
2026-05-07,2026-05-07 00:00:00,1,21.062749,1.122899,32.86116561889651,959.7722005208333,-2.4183998107910156,-7.467601776123047,4.473217308895172e-05,0.02691667717295571,0.12172841348866563,2.978,Unknown,0,58.313286240020695,0,0,17.75070923806137,Bordj Baji Mokhtar,56.623863220214844
2026-05-06,2026-05-06 00:00:00,1,26.785714,2.810239,32.91554667154952,975.8897639973958,4.115775426228841,-3.061958074569702,5.750713703015925e-05,0.025861969317960216,0.12958266218442271,0.079,Unknown,0,0.0,0,0,14.291816186667116,In Salah,29.50157928466797
2026-05-08,2026-05-08 00:00:00,1,33.712039,7.147824,26.792742029825888,1008.1550537109375,-0.6643702189127604,-0.6840095520019531,6.701219340612918e-05,0.026638074016134484,0.13749896032107084,0.127,Unknown,0,0.0,0,0,39.03734782092091,El Oued,10.472736358642578
2026-05-06,2026-05-06 00:00:00,1,36.801588,5.735073,-10272.15,-99.99,,,8.201685828843427e-05,,0.15476425712562483,,Unknown,4446,237.2973296079448,3,0,100.0,Jijel,592.6719360351562
2026-05-07,2026-05-07 00:00:00,1,36.072944,4.66996,13.928060150146507,901.5363671875,-0.24819310506184897,-0.3070793151855469,7.50006186040356e-05,,0.15353529334558977,,Unknown,917,90.58000708126629,1,0,90.18206708630781,Bordj Bou Arrer,459.0166320800781
2026-05-08,2026-05-08 00:00:00,1,36.894512,8.410657,17.736752446492517,1005.5958870442707,0.11281077067057292,-1.2330411275227864,6.355847373260627e-05,0.03476610963790658,0.14450085415090236,0.10533333333333333,Unknown,2273,110.20751948029255,1,0,85.49256233513192,El-Tarf,-8.776308059692383
2026-05-06,2026-05-06 00:00:00,1,35.118442,6.951571,15.246438598632835,900.7847639973958,-1.0200074513753254,-2.081001043319702,6.928086407594505e-05,0.027762521544540484,0.1483832976124458,,Unknown,0,17.71461226957122,0,0,70.72296644405824,Khenchela,23.731159210205078
2026-05-08,2026-05-08 00:00:00,1,32.768224,3.680589,23.874203618367517,942.8025537109374,-1.736310323079427,1.1734937032063801,6.537127342059799e-05,0.0251082286951448,0.1377228682039572,0.126,Unknown,0,0.0,0,0,40.64367283422804,Ghardaia,13.068891525268555
2026-05-07,2026-05-07 00:00:00,1,36.256023,3.785109,14.061198170979821,942.7947005208333,0.13144556681315103,-0.12865320841471353,0.00011347196044263605,,0.15546437491216664,,Unknown,131,55.480204753679374,0,0,95.02574089109339,Bouira,487.927490234375
2026-05-06,2026-05-06 00:00:00,1,33.764999,2.453376,19.97658182779952,904.5185139973958,0.4720986684163411,-3.7308220068613687,6.0230191723083425e-05,,0.14373546247143346,0.057,Unknown,0,0.0,0,0,43.750680947089535,Laghouat,407.5598449707031
2026-05-08,2026-05-08 00:00:00,1,36.383383,7.405127,17.188168462117517,953.2904703776043,-0.08286794026692708,-0.4716072082519531,6.73409793981982e-05,0.025629752055402095,0.1413074805479217,0.0965,Unknown,0,80.68093501602645,0,0,77.12246227971157,Guelma,7.171462535858154
2026-05-07,2026-05-07 00:00:00,1,36.860151,3.769201,16.631185150146507,994.8538671875,-1.3270098368326824,0.2785326639811198,8.112132678234032e-05,,0.1580445900195893,,Unknown,126,79.95551574629822,0,0,92.79237237606112,Boumerdes,461.1403503417969
2026-05-06,2026-05-06 00:00:00,1,35.410318,4.341261,21.369485473632835,954.2247639973958,1.2387409210205078,-2.3832064469655356,7.80884123838982e-05,0.025860242332268992,0.15041310635723984,,Unknown,2,53.68603274464468,0,0,50.18030061067421,M'Sila,37.34225845336914
2026-05-08,2026-05-08 00:00:00,1,27.060146,7.995439,32.0916515350342,957.3679703776043,-1.4852930704752605,-1.9777921040852864,5.672187142081787e-05,0.028829006665069826,0.1351252075124335,0.159,Unknown,0,0.0,0,0,20.448322215149954,Illizi,32.789794921875
2026-05-07,2026-05-07 00:00:00,1,29.202518,-3.068819,27.816894785563193,947.0772005208332,6.251033782958984,4.60348383585612,5.991641364723308e-05,0.027924329841554858,0.1491404447709593,0.1235,Unknown,0,0.0,0,0,22.048172222466082,Béni Abbès,22.094133377075195
2026-05-06,2026-05-06 00:00:00,1,35.398947,0.14997,16.80763651529952,951.4610139973958,0.6521523793538412,-0.42723313967386883,6.961857675023551e-05,0.029967401336491072,0.15659169625401861,0.129,Unknown,504,394.028434245365,2,0,62.904814925831644,Mascara,17.740896224975586
2026-05-11,,1,27.162714,-1.528017,25.64891522725426,978.4594954427084,,,,,0.1337291938293054,,Unknown,0,0.0,0,0,21.98002978907751,Adrar,709.6768798828125
2026-05-07,2026-05-07 00:00:00,1,36.505958,1.401213,-10272.15,-99.99,,,0.00013180224489960866,0.02395647636730048,0.1644580134983272,,Unknown,299,41.49932221430206,0,0,100.0,Chlef,27.22237205505371
2026-05-08,2026-05-08 00:00:00,1,19.975906,3.413066,35.49261182149252,942.0263037109376,-2.1484196980794272,-3.6131273905436196,4.782358329932776e-05,0.03029904311342715,0.12263773160524527,0.183,Unknown,0,0.0,0,0,13.657622352390606,In Guezzam,23.865812301635742
2026-05-11,,1,36.190065,2.087176,16.434792273385217,978.9866978236607,,,,,0.15179505598629633,,Unknown,29,161.40216716607935,0,0,73.4694872250964,Ain-Defla,675.9026489257812
2026-05-06,2026-05-06 00:00:00,1,36.093798,2.975028,14.67864888509115,913.3693473307292,-0.08364677429199219,-1.5097119808197021,7.763980470677025e-05,0.02801297197818357,0.15421315299099453,0.08600000000000001,Unknown,7,250.62886219848878,0,0,79.28815857034073,Medea,3.6176559925079346
2026-05-08,2026-05-08 00:00:00,1,26.785714,2.810239,33.67132275899252,978.3817203776042,0.9153010050455729,1.0888582865397136,5.801402098161644e-05,0.028973163334360754,0.13455459168964162,0.1275,Unknown,0,0.0,0,0,16.868057770680462,In Salah,39.169769287109375
2026-05-07,2026-05-07 00:00:00,1,36.337315,6.676904,14.375732676188193,925.8880338541667,-0.6839027404785156,-0.36852137247721356,6.965836036393425e-05,,0.14883927163413943,,Unknown,2622,142.20567293689837,0,1,87.14644551167734,Constantine,454.29046630859375
2026-05-06,2026-05-06 00:00:00,1,36.32801,6.15842,15.277932739257835,935.9451806640625,-0.7989381154378256,-0.48651862144470215,6.61620687898994e-05,,0.15105278597969382,,Unknown,0,3.2719036049322145,0,2,86.23462089823819,Mila,451.19488525390625
2026-05-11,,1,35.495151,-1.253336,-10272.15,-99.99,,,,,0.15061300954607099,,Unknown,0,0.0,0,0,100.0,Ain-Temouchent,705.1233520507812
2026-05-07,2026-05-07 00:00:00,1,24.432546,8.811641,30.63224309285482,896.6105338541668,-0.5623207092285156,3.1007169087727866,4.4682999371434765e-05,0.02388193259188587,0.12320065220151244,0.20400000000000001,Unknown,0,0.0,0,0,11.396630556605059,Djanet,26.620147705078125
2026-05-08,2026-05-08 00:00:00,1,36.801588,5.735073,-10272.15,-99.99,,,7.383593366869183e-05,0.033078346932296374,0.1472190915239685,0.0545,Unknown,4446,237.2973296079448,3,0,100.0,Jijel,19.05817985534668
2026-05-06,2026-05-06 00:00:00,1,36.019815,0.276988,17.86468404134115,996.0335139973957,1.204642613728841,0.5360643863677979,8.560494759424138e-05,0.028386293443412976,0.1617956441014272,0.136,Unknown,1,99.20899123015215,0,0,72.28369270671686,Mostaganem,-3.5858826637268066
2026-05-07,2026-05-07 00:00:00,1,34.784811,3.313203,14.385742441813193,880.7392838541667,-0.10854466756184895,-0.19920984903971353,6.812298769665132e-05,0.02130605049163499,0.1563540458934527,,Unknown,0,29.16170422038599,0,0,76.9295659322887,Djelfa,23.318069458007812
2026-05-08,2026-05-08 00:00:00,1,35.118442,6.951571,19.067969894409202,903.5621370442708,0.6702245076497396,1.0025952657063801,6.806551058815043e-05,0.027799621452385768,0.1391957914374852,0.1085,Unknown,0,17.71461226957122,0,0,54.08196773244216,Khenchela,10.447376251220703
2026-05-06,2026-05-06 00:00:00,1,33.36955,-0.974951,16.050393676757835,882.3480973307292,-1.0767701466878254,-2.160590887069702,5.9209305505053e-05,0.023837145440674525,0.14652528006854287,,Unknown,0,145.75578854948367,0,0,59.0654254948437,Naama,31.310571670532227
2026-05-11,,1,36.776493,3.07038,-10272.15,-99.99,,,,,0.15207532922817948,,Unknown,5088,326.22079496512896,5,1234,100.0,Alger,833.3787841796875
2026-05-07,2026-05-07 00:00:00,1,33.440229,0.797451,14.928711191813193,862.5167838541668,0.14108912150065103,-2.1096102396647134,6.96995111233488e-05,0.02442598062778378,0.1548484579860092,0.106,Unknown,0,12.914845227066348,0,0,64.26332769711478,El Bayadh,12.81948471069336
2026-05-08,2026-05-08 00:00:00,1,33.764999,2.453376,19.880876795450888,907.2796370442708,-0.34771982828776044,1.5219230651855469,6.63439578601686e-05,0.02550571764729004,0.1385859989233642,0.10900000000000001,Unknown,0,0.0,0,0,47.19223814976735,Laghouat,14.86440658569336
2026-05-06,2026-05-06 00:00:00,1,35.770722,-0.701382,-10272.15,-99.99,,,7.57581119723265e-05,0.029951930202887823,0.16061513145698705,0.11599999999999999,Unknown,0,0.0,0,0,100.0,Oran,15.943050384521484
2026-05-07,2026-05-07 00:00:00,1,33.929812,5.68569,24.499105072021507,998.2692838541667,-2.066023508707682,0.12419509887695312,5.650708280624604e-05,,0.14709632095943403,,Unknown,0,36.19440970841093,0,0,45.989860261568374,El M'Ghair,456.4689025878906
2026-05-08,2026-05-08 00:00:00,1,35.410318,4.341261,19.777523930867517,957.4313037109375,-1.1467920939127605,-0.07947667439778645,7.964500099278714e-05,0.03145772231915162,0.14365157607957044,0.368,Unknown,2,53.68603274464468,0,0,59.251639887839424,M'Sila,18.36703109741211
2026-05-06,2026-05-06 00:00:00,1,31.537536,5.4803,28.60890604654952,985.8860139973958,1.0231647491455078,-0.7722445329030355,6.0114572565860705e-05,,0.1373502294227512,,Unknown,0,0.0,0,0,20.031205184616788,Ouargla,468.8846130371094
2026-05-11,,1,35.337452,6.014056,11.886231540498304,870.73556687128,,,,,0.14474423426501953,,Unknown,0,29.78213340408536,0,1,65.1771196095266,Batna,656.0853881835938
2026-05-07,2026-05-07 00:00:00,1,30.796481,2.971874,28.49625676472982,955.0476171875,6.719458262125651,5.174243927001953,5.140336739850749e-05,,0.14044450394156405,,Unknown,0,0.0,0,0,28.411605715590703,El Menia,565.955322265625
2026-05-08,2026-05-08 00:00:00,1,35.398947,0.14997,16.013933436075888,951.7913037109375,-0.8195215861002604,-0.9377123514811198,7.755377170676917e-05,0.029790522601769932,0.15209589550980993,0.219,Unknown,504,394.028434245365,2,0,76.40836463021547,Mascara,19.259294509887695
2026-05-11,,1,31.73137,-2.221694,21.30543261936734,919.7671740141368,,,,,0.1422434881325412,,Unknown,0,50.72512901754831,0,0,26.018227786957898,Bechar,749.5048828125
2026-05-07,2026-05-07 00:00:00,1,33.712039,7.147824,25.43815129597982,1005.1855338541667,-2.2313880920410156,1.2173754374186199,5.5721671835833145e-05,,0.14218924256869472,,Unknown,0,0.0,0,0,41.740075022180875,El Oued,462.2240295410156
2026-05-11,,1,36.828824,4.971619,-10272.15,-99.99,,,,,0.15046949369171086,,Unknown,793,47.26323025959142,1,0,100.0,Bejaia,778.8446044921875
2026-05-08,2026-05-08 00:00:00,1,36.093798,2.975028,15.959408696492517,914.6521370442708,-0.5027898152669271,0.13585535685221353,7.031229777142862e-05,,0.14811294241411,0.124,Unknown,7,250.62886219848878,0,0,66.56401322165124,Medea,426.42913818359375
2026-05-07,2026-05-07 00:00:00,1,36.894512,8.410657,16.998372650146507,1002.2684505208333,-2.3108558654785156,-1.7641512552897136,7.185204827183583e-05,,0.15055041518086082,,Unknown,2273,110.20751948029255,1,0,88.08455198051495,El-Tarf,451.99212646484375
2026-05-11,,1,34.919188,6.006627,16.342855889456626,926.6237216331845,,,,,0.1453509075660068,,Unknown,0,13.97681547413892,0,0,51.19300765443575,Biskra,635.9647216796875
2026-05-08,2026-05-08 00:00:00,1,36.32801,6.15842,16.967872238159202,938.0633870442708,-0.29213714599609375,-0.020191192626953125,6.815946981155546e-05,0.02864917542675954,0.14307295561016925,0.1825,Unknown,0,3.2719036049322145,0,2,74.82164837645308,Mila,10.172887802124023
2026-05-07,2026-05-07 00:00:00,1,32.768224,3.680589,24.314453379313193,939.2467838541667,1.2577476501464844,1.0387865702311199,5.207050707153351e-05,,0.14605516058513468,,Unknown,0,0.0,0,0,36.873062804516834,Ghardaia,510.36175537109375
2026-05-07,2026-05-07 00:00:00,1,36.383383,7.405127,15.511067962646507,950.0434505208333,-0.3004798889160156,-0.2559318542480469,5.7800541841942695e-05,,0.1497303243499696,,Unknown,0,80.68093501602645,0,0,84.96214905672824,Guelma,483.26849365234375
2026-05-11,,1,36.483479,2.915771,15.70490481058759,963.3955668712797,,,,,0.15065735238841355,,Unknown,323,117.60073005272612,0,0,74.29483430591343,Blida,705.3803100585938
2026-05-07,2026-05-07 00:00:00,1,27.060146,7.995439,31.313232676188193,955.0267838541668,-1.0160153706868489,-4.90078862508138,5.1752514751930034e-05,,0.12763794936662734,,Unknown,0,0.0,0,0,16.67069114615662,Illizi,410.1661071777344
2026-05-08,2026-05-08 00:00:00,1,33.36955,-0.974951,18.474382654825888,882.0029703776042,-0.9641749064127604,3.426952362060547,6.237858162467275e-05,0.022161390702267022,0.14635260275597864,0.125,Unknown,0,145.75578854948367,0,0,41.59805218348642,Naama,19.461278915405273
2026-05-11,,1,21.062749,1.122899,28.605016417730447,963.984793061756,,,,,0.12181777760343468,,Unknown,0,58.313286240020695,0,0,13.17508383986819,Bordj Baji Mokhtar,704.6024780273438
2026-05-06,2026-05-06 00:00:00,1,35.867292,7.094613,14.67384745279952,906.8197639973957,-1.800118128458659,-0.9018425146738688,6.813261300282284e-05,0.020802739759376788,0.14964637959109447,,Unknown,7185,287.20237602865194,0,1007,79.13228983215477,Oum El Bouaghi,35.20197677612305
2026-05-11,,1,36.072944,4.66996,12.977865655081644,906.9505668712798,,,,,0.1485536295925725,,Unknown,917,90.58000708126629,1,0,71.61822018100274,Bordj Bou Arrer,710.59716796875
2026-05-07,2026-05-07 00:00:00,1,19.975906,3.413066,34.53230819702151,940.0788671875,1.8229738871256511,0.5558357238769531,4.4747204742090514e-05,0.03308524564019987,0.12206789816997855,0.157,Unknown,0,0.0,0,0,9.76188725357511,In Guezzam,30.18427085876465
2026-05-06,2026-05-06 00:00:00,1,35.836023,0.80322,18.29591776529952,983.0501806640625,0.7312946319580078,-0.13837409019470215,9.432538006602573e-05,0.02986512042410621,0.15915049916191612,0.14750000000000002,Unknown,0,31.37778233871611,0,0,61.55681401297093,Relizane,6.763247489929199
2026-05-08,2026-05-08 00:00:00,1,35.770722,-0.701382,-10272.15,-99.99,,,7.49115009734499e-05,0.029656108938301732,0.15515908722225907,0.1,Unknown,0,0.0,0,0,100.0,Oran,15.860542297363281
2026-05-06,2026-05-06 00:00:00,1,34.825528,0.11208,15.47218729654952,910.9014306640624,0.2796344757080078,-0.9459505875905355,7.171433400574105e-05,0.029029666346753177,0.15509321691811595,0.162,Unknown,78,37.36311284325856,0,0,63.53688312078519,Saida,6.940212726593018
2026-05-07,2026-05-07 00:00:00,1,26.785714,2.810239,31.230224863688193,978.4580338541667,1.3390464782714844,-1.4528312683105469,5.1526407741889054e-05,0.029827492411621193,0.1289275182703207,,Unknown,0,0.0,0,0,24.179498458285188,In Salah,35.66632080078125
2026-05-08,2026-05-08 00:00:00,1,31.537536,5.4803,29.361182785034202,991.7379703776043,-1.3255844116210938,1.4332186381022136,6.596012005262387e-05,0.028822293654350722,0.13498439982444274,0.138,Unknown,0,0.0,0,0,26.21041659535721,Ouargla,21.700281143188477
2026-05-08,2026-05-08 00:00:00,1,34.29179,4.623223,23.647885258992517,971.7667203776042,-1.1347885131835938,0.007193247477213542,7.352540354173105e-05,0.0310545624789058,0.13944590520750108,0.16199999999999998,Unknown,0,0.0,0,0,41.039379280533424,Ouled Djellal,9.32347297668457
2026-05-11,,1,36.860151,3.769201,17.133232098534013,999.8889597284226,,,,,0.1523269696553093,,Unknown,126,79.95551574629822,0,0,76.61918142856572,Boumerdes,763.1986694335938
2026-05-06,2026-05-06 00:00:00,1,36.214321,5.342691,13.240335083007835,887.1268473307292,-0.8985068003336588,-0.7647982438405355,7.042218176723912e-05,0.027969846419917496,0.15287123943620687,,Unknown,69,94.92877046132988,0,24,89.08833982475211,Setif,29.96495819091797
2026-05-07,2026-05-07 00:00:00,1,36.801588,5.735073,-10272.15,-99.99,,,7.234354864516341e-05,,0.15456583471800345,,Unknown,4446,237.2973296079448,3,0,100.0,Jijel,592.6719360351562
2026-05-11,,1,29.202518,-3.068819,24.149415134248322,953.795031156994,,,,,0.13737644828477663,,Unknown,0,0.0,0,0,19.682502124017507,Béni Abbès,692.9178466796875
2026-05-07,2026-05-07 00:00:00,1,35.118442,6.951571,16.32267278035482,900.6013671875,-0.06984837849934895,1.4031664530436199,4.829678370497342e-05,,0.1456533798817682,,Unknown,0,17.71461226957122,0,0,67.86348297952667,Khenchela,479.5162353515625
2026-05-08,2026-05-08 00:00:00,1,35.867292,7.094613,17.570411300659202,908.9850537109374,0.003964742024739583,-0.4330329895019531,6.846461277801598e-05,0.031946014240425674,0.14026943021168714,0.133,Unknown,7185,287.20237602865194,0,1007,67.15952252354455,Oum El Bouaghi,9.00356674194336
